2026-07-28 20:44:19 - INFO - __main__ - === Iniciando scraper de Booking.com ===
2026-07-28 20:44:19 - WARNING - __main__ - Usando TEST_ESTABLISHMENT_URLS (lista manual) — el descubrimiento vía sitemap todavía no está implementado.
2026-07-28 20:44:19 - INFO - __main__ - [1/2] Procesando https://www.booking.com/hotel/es/alegria-barranco1.es.html
2026-07-28 20:44:19 - INFO - __main__ - Scrapeando establecimiento: https://www.booking.com/hotel/es/alegria-barranco1.es.html
2026-07-28 20:44:30 - INFO - __main__ -   Banner de cookies cerrado.
2026-07-28 20:44:42 - WARNING - __main__ -   Elemento obsoleto (stale), reintentando (1/4)...
2026-07-28 20:44:51 - INFO - __main__ -   Página 1: 10 reseñas (10 acumuladas)
2026-07-28 20:44:57 - INFO - __main__ -   Página 2: 10 reseñas (20 acumuladas)
2026-07-28 20:45:00 - INFO - __main__ - Guardado completo: 1 establecimientos, 15 reseñas.
2026-07-28 20:45:06 - INFO - __main__ - [2/2] Procesando https://www.booking.com/hotel/es/puerto-palace.es.html
2026-07-28 20:45:06 - INFO - __main__ - Scrapeando establecimiento: https://www.booking.com/hotel/es/puerto-palace.es.html
2026-07-28 20:45:16 - INFO - __main__ -   Banner de cookies cerrado.
2026-07-28 20:45:24 - WARNING - __main__ -   Elemento obsoleto (stale), reintentando (1/4)...
2026-07-28 20:45:33 - INFO - __main__ -   Página 1: 10 reseñas (10 acumuladas)
2026-07-28 20:45:44 - INFO - __main__ -   Página 2: 10 reseñas (20 acumuladas)
2026-07-28 20:45:49 - INFO - __main__ - Guardado completo: 1 establecimientos, 15 reseñas.
2026-07-28 20:45:55 - INFO - __main__ - === Corrida finalizada: 2 establecimientos, 30 reseñas en total ===
2026-07-28 22:47:35 - INFO - __main__ - === Iniciando scraper de Booking.com ===
2026-07-28 22:47:35 - WARNING - __main__ - Usando TEST_ESTABLISHMENT_URLS (lista manual) — el descubrimiento vía sitemap todavía no está implementado.
2026-07-28 22:47:35 - INFO - __main__ - 2 establecimiento(s) ya completados en corridas anteriores, se omiten.
2026-07-28 22:47:35 - INFO - __main__ - No hay establecimientos pendientes. Nada que hacer.
2026-07-28 22:49:15 - INFO - __main__ - === Iniciando scraper de Booking.com ===
2026-07-28 22:49:15 - WARNING - __main__ - Usando TEST_ESTABLISHMENT_URLS (lista manual) — el descubrimiento vía sitemap todavía no está implementado.
2026-07-28 22:49:15 - INFO - __main__ - [1/2] Procesando https://www.booking.com/hotel/es/alegria-barranco1.es.html
2026-07-28 22:49:15 - INFO - __main__ - Scrapeando establecimiento: https://www.booking.com/hotel/es/alegria-barranco1.es.html
2026-07-28 22:49:51 - INFO - __main__ -   Banner de cookies cerrado.
2026-07-28 22:50:04 - WARNING - __main__ -   Elemento obsoleto (stale), reintentando (1/4)...
2026-07-28 22:50:16 - INFO - __main__ -   Página 1: 10 reseñas (10 acumuladas)
2026-07-28 22:50:26 - INFO - __main__ -   Página 2: 10 reseñas (20 acumuladas)
2026-07-28 22:50:31 - INFO - __main__ - Guardado completo: 1 establecimientos, 15 reseñas.
2026-07-28 22:50:37 - INFO - __main__ - [2/2] Procesando https://www.booking.com/hotel/es/puerto-palace.es.html
2026-07-28 22:50:37 - INFO - __main__ - Scrapeando establecimiento: https://www.booking.com/hotel/es/puerto-palace.es.html
2026-07-28 22:51:22 - ERROR - __main__ - Timeout esperando elementos en https://www.booking.com/hotel/es/puerto-palace.es.html: Message: timeout: Timed out receiving message from renderer: 30.000
  (Session info: chrome=150.0.7871.187)
Stacktrace:
	chromedriver!GetHandleVerifier [0x11a5843+10883]
	chromedriver!GetHandleVerifier [0x11a5884+108c4]
	chromedriver!(No symbol) [0xfa90e0]
	chromedriver!(No symbol) [0xf996d3]
	chromedriver!(No symbol) [0xf99405]
	chromedriver!(No symbol) [0xf975d8]
	chromedriver!(No symbol) [0xf97e26]
	chromedriver!(No symbol) [0xfa4acb]
	chromedriver!(No symbol) [0xfb65de]
	chromedriver!(No symbol) [0xfbc656]
	chromedriver!(No symbol) [0xf984ac]
	chromedriver!(No symbol) [0xfb6337]
	chromedriver!(No symbol) [0x10330ba]
	chromedriver!(No symbol) [0x1015406]
	chromedriver!(No symbol) [0xfe8659]
	chromedriver!(No symbol) [0xfe9424]
	chromedriver!GetHandleVerifier [0x143ced6+2a7f16]
	chromedriver!GetHandleVerifier [0x143847b+2a34bb]
	chromedriver!GetHandleVerifier [0x14594eb+2c452b]
	chromedriver!GetHandleVerifier [0x11bf566+2a5a6]
	chromedriver!GetHandleVerifier [0x11c620d+3124d]
	chromedriver!GetHandleVerifier [0x11ae318+19358]
	chromedriver!GetHandleVerifier [0x11ae4c5+19505]
	chromedriver!GetHandleVerifier [0x11970af+20ef]
	KERNEL32!BaseThreadInitThunk [0x75bc5d49+19]
	ntdll!RtlInitializeExceptionChain [0x77a3e00b+6b]
	ntdll!RtlGetAppContainerNamedObjectPath [0x77a3df91+231]

2026-07-28 22:51:25 - ERROR - __main__ - Error procesando https://www.booking.com/hotel/es/puerto-palace.es.html: Message: timeout: Timed out receiving message from renderer: 30.000
  (Session info: chrome=150.0.7871.187)
Stacktrace:
	chromedriver!GetHandleVerifier [0x11a5843+10883]
	chromedriver!GetHandleVerifier [0x11a5884+108c4]
	chromedriver!(No symbol) [0xfa90e0]
	chromedriver!(No symbol) [0xf996d3]
	chromedriver!(No symbol) [0xf99405]
	chromedriver!(No symbol) [0xf975d8]
	chromedriver!(No symbol) [0xf97e26]
	chromedriver!(No symbol) [0xfa4acb]
	chromedriver!(No symbol) [0xfb65de]
	chromedriver!(No symbol) [0xfbc656]
	chromedriver!(No symbol) [0xf984ac]
	chromedriver!(No symbol) [0xfb6337]
	chromedriver!(No symbol) [0x10330ba]
	chromedriver!(No symbol) [0x1015406]
	chromedriver!(No symbol) [0xfe8659]
	chromedriver!(No symbol) [0xfe9424]
	chromedriver!GetHandleVerifier [0x143ced6+2a7f16]
	chromedriver!GetHandleVerifier [0x143847b+2a34bb]
	chromedriver!GetHandleVerifier [0x14594eb+2c452b]
	chromedriver!GetHandleVerifier [0x11bf566+2a5a6]
	chromedriver!GetHandleVerifier [0x11c620d+3124d]
	chromedriver!GetHandleVerifier [0x11ae318+19358]
	chromedriver!GetHandleVerifier [0x11ae4c5+19505]
	chromedriver!GetHandleVerifier [0x11970af+20ef]
	KERNEL32!BaseThreadInitThunk [0x75bc5d49+19]
	ntdll!RtlInitializeExceptionChain [0x77a3e00b+6b]
	ntdll!RtlGetAppContainerNamedObjectPath [0x77a3df91+231]

2026-07-28 22:51:25 - INFO - __main__ - === Corrida finalizada: 1 establecimientos, 15 reseñas en total ===
2026-07-28 22:57:48 - INFO - __main__ - === Iniciando scraper de Booking.com ===
2026-07-28 22:57:48 - WARNING - __main__ - Usando TEST_ESTABLISHMENT_URLS (lista manual) — el descubrimiento vía sitemap todavía no está implementado.
2026-07-28 22:57:48 - INFO - __main__ - 1 establecimiento(s) ya completados en corridas anteriores, se omiten.
2026-07-28 22:57:48 - INFO - __main__ - [1/1] Procesando https://www.booking.com/hotel/es/puerto-palace.es.html
2026-07-28 22:57:48 - INFO - __main__ - Scrapeando establecimiento: https://www.booking.com/hotel/es/puerto-palace.es.html
2026-07-28 22:58:32 - ERROR - __main__ - Timeout esperando elementos en https://www.booking.com/hotel/es/puerto-palace.es.html: Message: timeout: Timed out receiving message from renderer: 30.000
  (Session info: chrome=150.0.7871.187)
Stacktrace:
	chromedriver!GetHandleVerifier [0x11a5843+10883]
	chromedriver!GetHandleVerifier [0x11a5884+108c4]
	chromedriver!(No symbol) [0xfa90e0]
	chromedriver!(No symbol) [0xf996d3]
	chromedriver!(No symbol) [0xf99405]
	chromedriver!(No symbol) [0xf975d8]
	chromedriver!(No symbol) [0xf97e26]
	chromedriver!(No symbol) [0xfa4acb]
	chromedriver!(No symbol) [0xfb65de]
	chromedriver!(No symbol) [0xfbc656]
	chromedriver!(No symbol) [0xf984ac]
	chromedriver!(No symbol) [0xfb6337]
	chromedriver!(No symbol) [0x10330ba]
	chromedriver!(No symbol) [0x1015406]
	chromedriver!(No symbol) [0xfe8659]
	chromedriver!(No symbol) [0xfe9424]
	chromedriver!GetHandleVerifier [0x143ced6+2a7f16]
	chromedriver!GetHandleVerifier [0x143847b+2a34bb]
	chromedriver!GetHandleVerifier [0x14594eb+2c452b]
	chromedriver!GetHandleVerifier [0x11bf566+2a5a6]
	chromedriver!GetHandleVerifier [0x11c620d+3124d]
	chromedriver!GetHandleVerifier [0x11ae318+19358]
	chromedriver!GetHandleVerifier [0x11ae4c5+19505]
	chromedriver!GetHandleVerifier [0x11970af+20ef]
	KERNEL32!BaseThreadInitThunk [0x75bc5d49+19]
	ntdll!RtlInitializeExceptionChain [0x77a3e00b+6b]
	ntdll!RtlGetAppContainerNamedObjectPath [0x77a3df91+231]

2026-07-28 22:58:34 - ERROR - __main__ - Error procesando https://www.booking.com/hotel/es/puerto-palace.es.html: Message: timeout: Timed out receiving message from renderer: 30.000
  (Session info: chrome=150.0.7871.187)
Stacktrace:
	chromedriver!GetHandleVerifier [0x11a5843+10883]
	chromedriver!GetHandleVerifier [0x11a5884+108c4]
	chromedriver!(No symbol) [0xfa90e0]
	chromedriver!(No symbol) [0xf996d3]
	chromedriver!(No symbol) [0xf99405]
	chromedriver!(No symbol) [0xf975d8]
	chromedriver!(No symbol) [0xf97e26]
	chromedriver!(No symbol) [0xfa4acb]
	chromedriver!(No symbol) [0xfb65de]
	chromedriver!(No symbol) [0xfbc656]
	chromedriver!(No symbol) [0xf984ac]
	chromedriver!(No symbol) [0xfb6337]
	chromedriver!(No symbol) [0x10330ba]
	chromedriver!(No symbol) [0x1015406]
	chromedriver!(No symbol) [0xfe8659]
	chromedriver!(No symbol) [0xfe9424]
	chromedriver!GetHandleVerifier [0x143ced6+2a7f16]
	chromedriver!GetHandleVerifier [0x143847b+2a34bb]
	chromedriver!GetHandleVerifier [0x14594eb+2c452b]
	chromedriver!GetHandleVerifier [0x11bf566+2a5a6]
	chromedriver!GetHandleVerifier [0x11c620d+3124d]
	chromedriver!GetHandleVerifier [0x11ae318+19358]
	chromedriver!GetHandleVerifier [0x11ae4c5+19505]
	chromedriver!GetHandleVerifier [0x11970af+20ef]
	KERNEL32!BaseThreadInitThunk [0x75bc5d49+19]
	ntdll!RtlInitializeExceptionChain [0x77a3e00b+6b]
	ntdll!RtlGetAppContainerNamedObjectPath [0x77a3df91+231]

2026-07-28 22:58:34 - INFO - __main__ - === Corrida finalizada: 0 establecimientos, 0 reseñas en total ===
2026-07-28 22:59:13 - INFO - __main__ - === Iniciando scraper de Booking.com ===
2026-07-28 22:59:13 - WARNING - __main__ - Usando TEST_ESTABLISHMENT_URLS (lista manual) — el descubrimiento vía sitemap todavía no está implementado.
2026-07-28 22:59:13 - INFO - __main__ - 1 establecimiento(s) ya completados en corridas anteriores, se omiten.
2026-07-28 22:59:13 - INFO - __main__ - [1/1] Procesando https://www.booking.com/hotel/es/puerto-palace.es.html
2026-07-28 22:59:13 - INFO - __main__ - Scrapeando establecimiento: https://www.booking.com/hotel/es/puerto-palace.es.html
2026-07-28 22:59:46 - INFO - __main__ -   Banner de cookies cerrado.
2026-07-28 22:59:49 - INFO - __main__ -   Geocodificación sin resultado, reintentando sin 's/n': 'Doctor Cobiella Zaera, 38400 Puerto de la Cruz, España'
2026-07-28 22:59:56 - WARNING - __main__ -   Elemento obsoleto (stale), reintentando (1/4)...
2026-07-28 23:00:04 - INFO - __main__ -   Página 1: 10 reseñas (10 acumuladas)
2026-07-28 23:00:10 - INFO - __main__ -   Página 2: 10 reseñas (20 acumuladas)
2026-07-28 23:00:15 - INFO - __main__ - Guardado completo: 1 establecimientos, 15 reseñas.
2026-07-28 23:00:19 - INFO - __main__ - === Corrida finalizada: 1 establecimientos, 15 reseñas en total ===
2026-07-28 23:16:53 - INFO - booking_scraper - Descargando índice de sitemaps de Booking...
2026-07-28 23:16:54 - INFO - booking_scraper - 78 shards del idioma español encontrados. Recorriendo...
2026-07-28 23:16:56 - INFO - booking_scraper -   Shard 1/78: 37685 URLs, 0 coinciden con Tenerife (0 acumuladas)
2026-07-28 23:16:59 - INFO - booking_scraper -   Shard 2/78: 49990 URLs, 0 coinciden con Tenerife (0 acumuladas)
2026-07-28 23:17:02 - INFO - booking_scraper -   Shard 3/78: 49990 URLs, 0 coinciden con Tenerife (0 acumuladas)
2026-07-28 23:17:06 - INFO - booking_scraper -   Shard 4/78: 49990 URLs, 0 coinciden con Tenerife (0 acumuladas)
2026-07-28 23:17:09 - INFO - booking_scraper -   Shard 5/78: 49990 URLs, 0 coinciden con Tenerife (0 acumuladas)
2026-07-28 23:17:12 - INFO - booking_scraper -   Shard 6/78: 49990 URLs, 0 coinciden con Tenerife (0 acumuladas)
2026-07-28 23:17:15 - INFO - booking_scraper -   Shard 7/78: 49990 URLs, 0 coinciden con Tenerife (0 acumuladas)
2026-07-28 23:17:17 - INFO - booking_scraper -   Shard 8/78: 49990 URLs, 0 coinciden con Tenerife (0 acumuladas)
2026-07-28 23:17:19 - INFO - booking_scraper -   Shard 9/78: 49990 URLs, 0 coinciden con Tenerife (0 acumuladas)
2026-07-28 23:17:22 - INFO - booking_scraper -   Shard 10/78: 49990 URLs, 0 coinciden con Tenerife (0 acumuladas)
2026-07-28 23:17:25 - INFO - booking_scraper -   Shard 11/78: 49990 URLs, 0 coinciden con Tenerife (0 acumuladas)
2026-07-28 23:17:28 - INFO - booking_scraper -   Shard 12/78: 49990 URLs, 0 coinciden con Tenerife (0 acumuladas)
2026-07-28 23:17:31 - INFO - booking_scraper -   Shard 13/78: 49990 URLs, 0 coinciden con Tenerife (0 acumuladas)
2026-07-28 23:17:36 - INFO - booking_scraper -   Shard 14/78: 49990 URLs, 0 coinciden con Tenerife (0 acumuladas)
2026-07-28 23:17:40 - INFO - booking_scraper -   Shard 15/78: 49990 URLs, 0 coinciden con Tenerife (0 acumuladas)
2026-07-28 23:17:45 - INFO - booking_scraper -   Shard 16/78: 49990 URLs, 0 coinciden con Tenerife (0 acumuladas)
2026-07-28 23:17:49 - INFO - booking_scraper -   Shard 17/78: 49990 URLs, 0 coinciden con Tenerife (0 acumuladas)
2026-07-28 23:17:53 - INFO - booking_scraper -   Shard 18/78: 49990 URLs, 0 coinciden con Tenerife (0 acumuladas)
2026-07-28 23:17:59 - INFO - booking_scraper -   Shard 19/78: 49990 URLs, 0 coinciden con Tenerife (0 acumuladas)
2026-07-28 23:18:03 - INFO - booking_scraper -   Shard 20/78: 49990 URLs, 0 coinciden con Tenerife (0 acumuladas)
2026-07-28 23:18:06 - INFO - booking_scraper -   Shard 21/78: 49990 URLs, 0 coinciden con Tenerife (0 acumuladas)
2026-07-28 23:18:18 - INFO - booking_scraper -   Shard 22/78: 49990 URLs, 0 coinciden con Tenerife (0 acumuladas)
2026-07-28 23:18:51 - INFO - booking_scraper -   Shard 23/78: 49990 URLs, 0 coinciden con Tenerife (0 acumuladas)
2026-07-28 23:18:54 - INFO - booking_scraper -   Shard 24/78: 49990 URLs, 0 coinciden con Tenerife (0 acumuladas)
2026-07-28 23:18:58 - INFO - booking_scraper -   Shard 25/78: 49990 URLs, 0 coinciden con Tenerife (0 acumuladas)
2026-07-28 23:19:05 - INFO - booking_scraper -   Shard 26/78: 49990 URLs, 0 coinciden con Tenerife (0 acumuladas)
2026-07-28 23:19:12 - INFO - booking_scraper -   Shard 27/78: 49990 URLs, 0 coinciden con Tenerife (0 acumuladas)
2026-07-28 23:19:15 - INFO - booking_scraper -   Shard 28/78: 49990 URLs, 0 coinciden con Tenerife (0 acumuladas)
2026-07-28 23:19:18 - INFO - booking_scraper -   Shard 29/78: 49990 URLs, 0 coinciden con Tenerife (0 acumuladas)
2026-07-28 23:19:22 - INFO - booking_scraper -   Shard 30/78: 49990 URLs, 0 coinciden con Tenerife (0 acumuladas)
2026-07-28 23:19:24 - INFO - booking_scraper -   Shard 31/78: 49990 URLs, 0 coinciden con Tenerife (0 acumuladas)
2026-07-28 23:19:31 - INFO - booking_scraper -   Shard 32/78: 49990 URLs, 0 coinciden con Tenerife (0 acumuladas)
2026-07-28 23:19:34 - INFO - booking_scraper -   Shard 33/78: 49990 URLs, 0 coinciden con Tenerife (0 acumuladas)
2026-07-28 23:19:37 - INFO - booking_scraper -   Shard 34/78: 49990 URLs, 0 coinciden con Tenerife (0 acumuladas)
2026-07-28 23:19:40 - INFO - booking_scraper -   Shard 35/78: 49990 URLs, 0 coinciden con Tenerife (0 acumuladas)
2026-07-28 23:19:43 - INFO - booking_scraper -   Shard 36/78: 49990 URLs, 0 coinciden con Tenerife (0 acumuladas)
2026-07-28 23:19:46 - INFO - booking_scraper -   Shard 37/78: 49990 URLs, 0 coinciden con Tenerife (0 acumuladas)
2026-07-28 23:19:48 - INFO - booking_scraper -   Shard 38/78: 49990 URLs, 0 coinciden con Tenerife (0 acumuladas)
2026-07-28 23:19:51 - INFO - booking_scraper -   Shard 39/78: 49990 URLs, 0 coinciden con Tenerife (0 acumuladas)
2026-07-28 23:19:54 - INFO - booking_scraper -   Shard 40/78: 49990 URLs, 0 coinciden con Tenerife (0 acumuladas)
2026-07-28 23:19:57 - INFO - booking_scraper -   Shard 41/78: 49990 URLs, 0 coinciden con Tenerife (0 acumuladas)
2026-07-28 23:19:59 - INFO - booking_scraper -   Shard 42/78: 49990 URLs, 0 coinciden con Tenerife (0 acumuladas)
2026-07-28 23:20:02 - INFO - booking_scraper -   Shard 43/78: 49990 URLs, 0 coinciden con Tenerife (0 acumuladas)
2026-07-28 23:20:07 - INFO - booking_scraper -   Shard 44/78: 49990 URLs, 0 coinciden con Tenerife (0 acumuladas)
2026-07-28 23:20:12 - INFO - booking_scraper -   Shard 45/78: 49990 URLs, 0 coinciden con Tenerife (0 acumuladas)
2026-07-28 23:20:25 - INFO - booking_scraper -   Shard 46/78: 49990 URLs, 0 coinciden con Tenerife (0 acumuladas)
2026-07-28 23:20:31 - INFO - booking_scraper -   Shard 47/78: 49990 URLs, 0 coinciden con Tenerife (0 acumuladas)
2026-07-28 23:20:41 - INFO - booking_scraper -   Shard 48/78: 49990 URLs, 0 coinciden con Tenerife (0 acumuladas)
2026-07-28 23:20:51 - INFO - booking_scraper -   Shard 49/78: 49990 URLs, 0 coinciden con Tenerife (0 acumuladas)
2026-07-28 23:20:55 - INFO - booking_scraper -   Shard 50/78: 49990 URLs, 0 coinciden con Tenerife (0 acumuladas)
2026-07-28 23:20:58 - INFO - booking_scraper -   Shard 51/78: 49990 URLs, 0 coinciden con Tenerife (0 acumuladas)
2026-07-28 23:21:02 - INFO - booking_scraper -   Shard 52/78: 49990 URLs, 0 coinciden con Tenerife (0 acumuladas)
2026-07-28 23:21:08 - INFO - booking_scraper -   Shard 53/78: 49990 URLs, 0 coinciden con Tenerife (0 acumuladas)
2026-07-28 23:21:15 - INFO - booking_scraper -   Shard 54/78: 49990 URLs, 0 coinciden con Tenerife (0 acumuladas)
2026-07-28 23:21:21 - INFO - booking_scraper -   Shard 55/78: 49990 URLs, 532 coinciden con Tenerife (532 acumuladas)
2026-07-28 23:21:21 - INFO - booking_scraper - Descubrimiento guardado en caché: C:\Users\jcabr\AI_Dashboard_Core\ingestion\scraping\sitemap_discovery_cache.json
2026-07-28 23:30:32 - INFO - __main__ - === Iniciando scraper de Booking.com ===
2026-07-28 23:30:32 - WARNING - __main__ - Usando TEST_ESTABLISHMENT_URLS (lista manual) en vez del sitemap.
2026-07-28 23:30:32 - INFO - __main__ - 2 establecimiento(s) ya completados en corridas anteriores, se omiten.
2026-07-28 23:30:32 - INFO - __main__ - No hay establecimientos pendientes. Nada que hacer.
2026-07-28 23:43:05 - INFO - booking_scraper - Descargando índice de sitemaps de Booking...
2026-07-28 23:43:06 - INFO - booking_scraper - 78 shards del idioma español encontrados. Recorriendo...
2026-07-28 23:43:07 - INFO - booking_scraper -   Shard 1/78: 37685 URLs, 0 coinciden con Tenerife (0 acumuladas)
2026-07-28 23:43:08 - INFO - booking_scraper -   Shard 2/78: 49990 URLs, 0 coinciden con Tenerife (0 acumuladas)
2026-07-28 23:43:11 - INFO - booking_scraper -   Shard 3/78: 49990 URLs, 0 coinciden con Tenerife (0 acumuladas)
2026-07-28 23:43:18 - INFO - booking_scraper -   Shard 4/78: 49990 URLs, 0 coinciden con Tenerife (0 acumuladas)
2026-07-28 23:43:22 - INFO - booking_scraper -   Shard 5/78: 49990 URLs, 0 coinciden con Tenerife (0 acumuladas)
2026-07-28 23:43:24 - INFO - booking_scraper -   Shard 6/78: 49990 URLs, 0 coinciden con Tenerife (0 acumuladas)
2026-07-28 23:43:25 - INFO - booking_scraper -   Shard 7/78: 49990 URLs, 0 coinciden con Tenerife (0 acumuladas)
2026-07-28 23:43:27 - INFO - booking_scraper -   Shard 8/78: 49990 URLs, 0 coinciden con Tenerife (0 acumuladas)
2026-07-28 23:43:29 - INFO - booking_scraper -   Shard 9/78: 49990 URLs, 0 coinciden con Tenerife (0 acumuladas)
2026-07-28 23:43:31 - INFO - booking_scraper -   Shard 10/78: 49990 URLs, 0 coinciden con Tenerife (0 acumuladas)
2026-07-28 23:43:32 - INFO - booking_scraper -   Shard 11/78: 49990 URLs, 0 coinciden con Tenerife (0 acumuladas)
2026-07-28 23:43:34 - INFO - booking_scraper -   Shard 12/78: 49990 URLs, 0 coinciden con Tenerife (0 acumuladas)
2026-07-28 23:43:37 - INFO - booking_scraper -   Shard 13/78: 49990 URLs, 0 coinciden con Tenerife (0 acumuladas)
2026-07-28 23:43:39 - INFO - booking_scraper -   Shard 14/78: 49990 URLs, 0 coinciden con Tenerife (0 acumuladas)
2026-07-28 23:43:41 - INFO - booking_scraper -   Shard 15/78: 49990 URLs, 0 coinciden con Tenerife (0 acumuladas)
2026-07-28 23:43:43 - INFO - booking_scraper -   Shard 16/78: 49990 URLs, 0 coinciden con Tenerife (0 acumuladas)
2026-07-28 23:43:45 - INFO - booking_scraper -   Shard 17/78: 49990 URLs, 0 coinciden con Tenerife (0 acumuladas)
2026-07-28 23:43:47 - INFO - booking_scraper -   Shard 18/78: 49990 URLs, 0 coinciden con Tenerife (0 acumuladas)
2026-07-28 23:43:49 - INFO - booking_scraper -   Shard 19/78: 49990 URLs, 0 coinciden con Tenerife (0 acumuladas)
2026-07-28 23:43:52 - INFO - booking_scraper -   Shard 20/78: 49990 URLs, 0 coinciden con Tenerife (0 acumuladas)
2026-07-28 23:43:54 - INFO - booking_scraper -   Shard 21/78: 49990 URLs, 0 coinciden con Tenerife (0 acumuladas)
2026-07-28 23:43:56 - INFO - booking_scraper -   Shard 22/78: 49990 URLs, 0 coinciden con Tenerife (0 acumuladas)
2026-07-28 23:43:58 - INFO - booking_scraper -   Shard 23/78: 49990 URLs, 0 coinciden con Tenerife (0 acumuladas)
2026-07-28 23:44:00 - INFO - booking_scraper -   Shard 24/78: 49990 URLs, 0 coinciden con Tenerife (0 acumuladas)
2026-07-28 23:44:03 - INFO - booking_scraper -   Shard 25/78: 49990 URLs, 0 coinciden con Tenerife (0 acumuladas)
2026-07-28 23:44:05 - INFO - booking_scraper -   Shard 26/78: 49990 URLs, 0 coinciden con Tenerife (0 acumuladas)
2026-07-28 23:44:07 - INFO - booking_scraper -   Shard 27/78: 49990 URLs, 0 coinciden con Tenerife (0 acumuladas)
2026-07-28 23:44:09 - INFO - booking_scraper -   Shard 28/78: 49990 URLs, 0 coinciden con Tenerife (0 acumuladas)
2026-07-28 23:44:12 - INFO - booking_scraper -   Shard 29/78: 49990 URLs, 0 coinciden con Tenerife (0 acumuladas)
2026-07-28 23:44:14 - INFO - booking_scraper -   Shard 30/78: 49990 URLs, 0 coinciden con Tenerife (0 acumuladas)
2026-07-28 23:44:16 - INFO - booking_scraper -   Shard 31/78: 49990 URLs, 0 coinciden con Tenerife (0 acumuladas)
2026-07-28 23:44:18 - INFO - booking_scraper -   Shard 32/78: 49990 URLs, 0 coinciden con Tenerife (0 acumuladas)
2026-07-28 23:44:20 - INFO - booking_scraper -   Shard 33/78: 49990 URLs, 0 coinciden con Tenerife (0 acumuladas)
2026-07-28 23:44:21 - INFO - booking_scraper -   Shard 34/78: 49990 URLs, 0 coinciden con Tenerife (0 acumuladas)
2026-07-28 23:44:23 - INFO - booking_scraper -   Shard 35/78: 49990 URLs, 0 coinciden con Tenerife (0 acumuladas)
2026-07-28 23:44:25 - INFO - booking_scraper -   Shard 36/78: 49990 URLs, 0 coinciden con Tenerife (0 acumuladas)
2026-07-28 23:44:28 - INFO - booking_scraper -   Shard 37/78: 49990 URLs, 0 coinciden con Tenerife (0 acumuladas)
2026-07-28 23:44:30 - INFO - booking_scraper -   Shard 38/78: 49990 URLs, 0 coinciden con Tenerife (0 acumuladas)
2026-07-28 23:44:32 - INFO - booking_scraper -   Shard 39/78: 49990 URLs, 0 coinciden con Tenerife (0 acumuladas)
2026-07-28 23:44:33 - INFO - booking_scraper -   Shard 40/78: 49990 URLs, 0 coinciden con Tenerife (0 acumuladas)
2026-07-28 23:44:35 - INFO - booking_scraper -   Shard 41/78: 49990 URLs, 0 coinciden con Tenerife (0 acumuladas)
2026-07-28 23:44:37 - INFO - booking_scraper -   Shard 42/78: 49990 URLs, 0 coinciden con Tenerife (0 acumuladas)
2026-07-28 23:44:39 - INFO - booking_scraper -   Shard 43/78: 49990 URLs, 0 coinciden con Tenerife (0 acumuladas)
2026-07-28 23:44:41 - INFO - booking_scraper -   Shard 44/78: 49990 URLs, 0 coinciden con Tenerife (0 acumuladas)
2026-07-28 23:44:43 - INFO - booking_scraper -   Shard 45/78: 49990 URLs, 0 coinciden con Tenerife (0 acumuladas)
2026-07-28 23:44:45 - INFO - booking_scraper -   Shard 46/78: 49990 URLs, 0 coinciden con Tenerife (0 acumuladas)
2026-07-28 23:44:47 - INFO - booking_scraper -   Shard 47/78: 49990 URLs, 0 coinciden con Tenerife (0 acumuladas)
2026-07-28 23:44:48 - INFO - booking_scraper -   Shard 48/78: 49990 URLs, 0 coinciden con Tenerife (0 acumuladas)
2026-07-28 23:44:51 - INFO - booking_scraper -   Shard 49/78: 49990 URLs, 0 coinciden con Tenerife (0 acumuladas)
2026-07-28 23:44:53 - INFO - booking_scraper -   Shard 50/78: 49990 URLs, 0 coinciden con Tenerife (0 acumuladas)
2026-07-28 23:44:55 - INFO - booking_scraper -   Shard 51/78: 49990 URLs, 0 coinciden con Tenerife (0 acumuladas)
2026-07-28 23:44:57 - INFO - booking_scraper -   Shard 52/78: 49990 URLs, 0 coinciden con Tenerife (0 acumuladas)
2026-07-28 23:44:59 - INFO - booking_scraper -   Shard 53/78: 49990 URLs, 0 coinciden con Tenerife (0 acumuladas)
2026-07-28 23:45:01 - INFO - booking_scraper -   Shard 54/78: 49990 URLs, 0 coinciden con Tenerife (0 acumuladas)
2026-07-28 23:45:04 - INFO - booking_scraper -   Shard 55/78: 49990 URLs, 36625 coinciden con Tenerife (36625 acumuladas)
2026-07-28 23:45:07 - INFO - booking_scraper -   Shard 56/78: 49990 URLs, 49990 coinciden con Tenerife (86615 acumuladas)
2026-07-28 23:45:10 - INFO - booking_scraper -   Shard 57/78: 49990 URLs, 49990 coinciden con Tenerife (136605 acumuladas)
2026-07-28 23:45:10 - INFO - booking_scraper - Descubrimiento guardado en caché: C:\Users\jcabr\AI_Dashboard_Core\ingestion\scraping\sitemap_discovery_cache.json
2026-07-28 23:53:10 - INFO - booking_scraper - Descargando índice de sitemaps de Booking...
2026-07-28 23:53:11 - INFO - booking_scraper - 78 shards del idioma español encontrados. Recorriendo...
2026-07-28 23:53:12 - INFO - booking_scraper -   Shard 1/78: 37685 URLs, 0 coinciden con Tenerife (0 acumuladas)
2026-07-28 23:53:13 - INFO - booking_scraper -   Shard 2/78: 49990 URLs, 0 coinciden con Tenerife (0 acumuladas)
2026-07-28 23:53:15 - INFO - booking_scraper -   Shard 3/78: 49990 URLs, 0 coinciden con Tenerife (0 acumuladas)
2026-07-28 23:53:17 - INFO - booking_scraper -   Shard 4/78: 49990 URLs, 0 coinciden con Tenerife (0 acumuladas)
2026-07-28 23:53:19 - INFO - booking_scraper -   Shard 5/78: 49990 URLs, 0 coinciden con Tenerife (0 acumuladas)
2026-07-28 23:53:20 - INFO - booking_scraper -   Shard 6/78: 49990 URLs, 0 coinciden con Tenerife (0 acumuladas)
2026-07-28 23:53:22 - INFO - booking_scraper -   Shard 7/78: 49990 URLs, 0 coinciden con Tenerife (0 acumuladas)
2026-07-28 23:53:24 - INFO - booking_scraper -   Shard 8/78: 49990 URLs, 0 coinciden con Tenerife (0 acumuladas)
2026-07-28 23:53:25 - INFO - booking_scraper -   Shard 9/78: 49990 URLs, 0 coinciden con Tenerife (0 acumuladas)
2026-07-28 23:53:27 - INFO - booking_scraper -   Shard 10/78: 49990 URLs, 0 coinciden con Tenerife (0 acumuladas)
2026-07-28 23:53:29 - INFO - booking_scraper -   Shard 11/78: 49990 URLs, 0 coinciden con Tenerife (0 acumuladas)
2026-07-28 23:53:30 - INFO - booking_scraper -   Shard 12/78: 49990 URLs, 0 coinciden con Tenerife (0 acumuladas)
2026-07-28 23:53:32 - INFO - booking_scraper -   Shard 13/78: 49990 URLs, 0 coinciden con Tenerife (0 acumuladas)
2026-07-28 23:53:33 - INFO - booking_scraper -   Shard 14/78: 49990 URLs, 0 coinciden con Tenerife (0 acumuladas)
2026-07-28 23:53:35 - INFO - booking_scraper -   Shard 15/78: 49990 URLs, 0 coinciden con Tenerife (0 acumuladas)
2026-07-28 23:53:37 - INFO - booking_scraper -   Shard 16/78: 49990 URLs, 0 coinciden con Tenerife (0 acumuladas)
2026-07-28 23:53:39 - INFO - booking_scraper -   Shard 17/78: 49990 URLs, 0 coinciden con Tenerife (0 acumuladas)
2026-07-28 23:53:41 - INFO - booking_scraper -   Shard 18/78: 49990 URLs, 0 coinciden con Tenerife (0 acumuladas)
2026-07-28 23:53:43 - INFO - booking_scraper -   Shard 19/78: 49990 URLs, 0 coinciden con Tenerife (0 acumuladas)
2026-07-28 23:53:45 - INFO - booking_scraper -   Shard 20/78: 49990 URLs, 0 coinciden con Tenerife (0 acumuladas)
2026-07-28 23:53:47 - INFO - booking_scraper -   Shard 21/78: 49990 URLs, 0 coinciden con Tenerife (0 acumuladas)
2026-07-28 23:53:48 - INFO - booking_scraper -   Shard 22/78: 49990 URLs, 0 coinciden con Tenerife (0 acumuladas)
2026-07-28 23:53:50 - INFO - booking_scraper -   Shard 23/78: 49990 URLs, 0 coinciden con Tenerife (0 acumuladas)
2026-07-28 23:53:52 - INFO - booking_scraper -   Shard 24/78: 49990 URLs, 0 coinciden con Tenerife (0 acumuladas)
2026-07-28 23:53:54 - INFO - booking_scraper -   Shard 25/78: 49990 URLs, 0 coinciden con Tenerife (0 acumuladas)
2026-07-28 23:53:55 - INFO - booking_scraper -   Shard 26/78: 49990 URLs, 0 coinciden con Tenerife (0 acumuladas)
2026-07-28 23:53:57 - INFO - booking_scraper -   Shard 27/78: 49990 URLs, 0 coinciden con Tenerife (0 acumuladas)
2026-07-28 23:53:59 - INFO - booking_scraper -   Shard 28/78: 49990 URLs, 0 coinciden con Tenerife (0 acumuladas)
2026-07-28 23:54:01 - INFO - booking_scraper -   Shard 29/78: 49990 URLs, 0 coinciden con Tenerife (0 acumuladas)
2026-07-28 23:54:02 - INFO - booking_scraper -   Shard 30/78: 49990 URLs, 0 coinciden con Tenerife (0 acumuladas)
2026-07-28 23:54:04 - INFO - booking_scraper -   Shard 31/78: 49990 URLs, 0 coinciden con Tenerife (0 acumuladas)
2026-07-28 23:54:06 - INFO - booking_scraper -   Shard 32/78: 49990 URLs, 0 coinciden con Tenerife (0 acumuladas)
2026-07-28 23:54:07 - INFO - booking_scraper -   Shard 33/78: 49990 URLs, 0 coinciden con Tenerife (0 acumuladas)
2026-07-28 23:54:09 - INFO - booking_scraper -   Shard 34/78: 49990 URLs, 0 coinciden con Tenerife (0 acumuladas)
2026-07-28 23:54:11 - INFO - booking_scraper -   Shard 35/78: 49990 URLs, 0 coinciden con Tenerife (0 acumuladas)
2026-07-28 23:54:12 - INFO - booking_scraper -   Shard 36/78: 49990 URLs, 0 coinciden con Tenerife (0 acumuladas)
2026-07-28 23:54:14 - INFO - booking_scraper -   Shard 37/78: 49990 URLs, 0 coinciden con Tenerife (0 acumuladas)
2026-07-28 23:54:16 - INFO - booking_scraper -   Shard 38/78: 49990 URLs, 0 coinciden con Tenerife (0 acumuladas)
2026-07-28 23:54:18 - INFO - booking_scraper -   Shard 39/78: 49990 URLs, 0 coinciden con Tenerife (0 acumuladas)
2026-07-28 23:54:19 - INFO - booking_scraper -   Shard 40/78: 49990 URLs, 0 coinciden con Tenerife (0 acumuladas)
2026-07-28 23:54:21 - INFO - booking_scraper -   Shard 41/78: 49990 URLs, 0 coinciden con Tenerife (0 acumuladas)
2026-07-28 23:54:23 - INFO - booking_scraper -   Shard 42/78: 49990 URLs, 0 coinciden con Tenerife (0 acumuladas)
2026-07-28 23:54:24 - INFO - booking_scraper -   Shard 43/78: 49990 URLs, 0 coinciden con Tenerife (0 acumuladas)
2026-07-28 23:54:26 - INFO - booking_scraper -   Shard 44/78: 49990 URLs, 0 coinciden con Tenerife (0 acumuladas)
2026-07-28 23:54:28 - INFO - booking_scraper -   Shard 45/78: 49990 URLs, 0 coinciden con Tenerife (0 acumuladas)
2026-07-28 23:54:29 - INFO - booking_scraper -   Shard 46/78: 49990 URLs, 0 coinciden con Tenerife (0 acumuladas)
2026-07-28 23:54:32 - INFO - booking_scraper -   Shard 47/78: 49990 URLs, 0 coinciden con Tenerife (0 acumuladas)
2026-07-28 23:54:34 - INFO - booking_scraper -   Shard 48/78: 49990 URLs, 0 coinciden con Tenerife (0 acumuladas)
2026-07-28 23:54:36 - INFO - booking_scraper -   Shard 49/78: 49990 URLs, 0 coinciden con Tenerife (0 acumuladas)
2026-07-28 23:54:37 - INFO - booking_scraper -   Shard 50/78: 49990 URLs, 0 coinciden con Tenerife (0 acumuladas)
2026-07-28 23:54:39 - INFO - booking_scraper -   Shard 51/78: 49990 URLs, 0 coinciden con Tenerife (0 acumuladas)
2026-07-28 23:54:41 - INFO - booking_scraper -   Shard 52/78: 49990 URLs, 0 coinciden con Tenerife (0 acumuladas)
2026-07-28 23:54:43 - INFO - booking_scraper -   Shard 53/78: 49990 URLs, 0 coinciden con Tenerife (0 acumuladas)
2026-07-28 23:54:44 - INFO - booking_scraper -   Shard 54/78: 49990 URLs, 0 coinciden con Tenerife (0 acumuladas)
2026-07-28 23:54:50 - INFO - booking_scraper -   Shard 55/78: 49990 URLs, 3205 coinciden con Tenerife (3205 acumuladas)
2026-07-28 23:54:57 - INFO - booking_scraper -   Shard 56/78: 49990 URLs, 4313 coinciden con Tenerife (7518 acumuladas)
2026-07-28 23:55:04 - INFO - booking_scraper -   Shard 57/78: 49990 URLs, 4489 coinciden con Tenerife (12007 acumuladas)
2026-07-28 23:55:11 - INFO - booking_scraper -   Shard 58/78: 49990 URLs, 4600 coinciden con Tenerife (16607 acumuladas)
2026-07-28 23:55:18 - INFO - booking_scraper -   Shard 59/78: 49990 URLs, 3569 coinciden con Tenerife (20176 acumuladas)
2026-07-28 23:55:21 - INFO - booking_scraper -   Shard 60/78: 49990 URLs, 833 coinciden con Tenerife (21009 acumuladas)
2026-07-28 23:55:23 - INFO - booking_scraper -   Shard 61/78: 49990 URLs, 0 coinciden con Tenerife (21009 acumuladas)
2026-07-28 23:55:26 - INFO - booking_scraper -   Shard 62/78: 49990 URLs, 0 coinciden con Tenerife (21009 acumuladas)
2026-07-28 23:55:27 - INFO - booking_scraper -   Shard 63/78: 49990 URLs, 0 coinciden con Tenerife (21009 acumuladas)
2026-07-28 23:55:30 - INFO - booking_scraper -   Shard 64/78: 49990 URLs, 0 coinciden con Tenerife (21009 acumuladas)
2026-07-28 23:55:31 - INFO - booking_scraper -   Shard 65/78: 49990 URLs, 0 coinciden con Tenerife (21009 acumuladas)
2026-07-28 23:55:34 - INFO - booking_scraper -   Shard 66/78: 49990 URLs, 0 coinciden con Tenerife (21009 acumuladas)
2026-07-28 23:55:36 - INFO - booking_scraper -   Shard 67/78: 49990 URLs, 0 coinciden con Tenerife (21009 acumuladas)
2026-07-28 23:55:38 - INFO - booking_scraper -   Shard 68/78: 49990 URLs, 0 coinciden con Tenerife (21009 acumuladas)
2026-07-28 23:55:40 - INFO - booking_scraper -   Shard 69/78: 49990 URLs, 0 coinciden con Tenerife (21009 acumuladas)
2026-07-28 23:55:42 - INFO - booking_scraper -   Shard 70/78: 49990 URLs, 0 coinciden con Tenerife (21009 acumuladas)
2026-07-28 23:55:44 - INFO - booking_scraper -   Shard 71/78: 49990 URLs, 0 coinciden con Tenerife (21009 acumuladas)
2026-07-28 23:55:46 - INFO - booking_scraper -   Shard 72/78: 49990 URLs, 0 coinciden con Tenerife (21009 acumuladas)
2026-07-28 23:55:48 - INFO - booking_scraper -   Shard 73/78: 49990 URLs, 0 coinciden con Tenerife (21009 acumuladas)
2026-07-28 23:55:50 - INFO - booking_scraper -   Shard 74/78: 49990 URLs, 0 coinciden con Tenerife (21009 acumuladas)
2026-07-28 23:55:52 - INFO - booking_scraper -   Shard 75/78: 49990 URLs, 0 coinciden con Tenerife (21009 acumuladas)
2026-07-28 23:55:54 - INFO - booking_scraper -   Shard 76/78: 49990 URLs, 0 coinciden con Tenerife (21009 acumuladas)
2026-07-28 23:55:55 - INFO - booking_scraper -   Shard 77/78: 49990 URLs, 0 coinciden con Tenerife (21009 acumuladas)
2026-07-28 23:55:57 - INFO - booking_scraper -   Shard 78/78: 49990 URLs, 0 coinciden con Tenerife (21009 acumuladas)
2026-07-28 23:55:58 - INFO - booking_scraper - Descubrimiento guardado en caché: C:\Users\jcabr\AI_Dashboard_Core\ingestion\scraping\sitemap_discovery_cache.json
2026-07-29 11:38:06 - INFO - __main__ - === Iniciando scraper de Booking.com ===
2026-07-29 11:38:06 - WARNING - __main__ - Usando TEST_ESTABLISHMENT_URLS (lista manual) en vez del sitemap.
2026-07-29 11:38:06 - INFO - __main__ - [1/2] Procesando https://www.booking.com/hotel/es/alegria-barranco1.es.html
2026-07-29 11:38:06 - INFO - __main__ - Scrapeando establecimiento: https://www.booking.com/hotel/es/alegria-barranco1.es.html
2026-07-29 11:38:37 - INFO - __main__ -   Banner de cookies cerrado.
2026-07-29 11:38:50 - WARNING - __main__ -   Elemento obsoleto (stale), reintentando (1/4)...
2026-07-29 11:39:09 - INFO - __main__ -   Página 1: 10 reseñas (10 acumuladas)
2026-07-29 11:39:19 - INFO - __main__ -   Página 2: 10 reseñas (20 acumuladas)
2026-07-29 11:39:24 - INFO - __main__ - Guardado completo: 1 establecimientos, 15 reseñas.
2026-07-29 11:39:32 - INFO - __main__ - [2/2] Procesando https://www.booking.com/hotel/es/puerto-palace.es.html
2026-07-29 11:39:32 - INFO - __main__ - Scrapeando establecimiento: https://www.booking.com/hotel/es/puerto-palace.es.html
2026-07-29 11:39:51 - INFO - __main__ -   Banner de cookies cerrado.
2026-07-29 11:39:53 - INFO - __main__ -   Geocodificación sin resultado, reintentando sin 's/n': 'Doctor Cobiella Zaera, 38400 Puerto de la Cruz, España'
2026-07-29 11:40:02 - WARNING - __main__ -   Elemento obsoleto (stale), reintentando (1/4)...
2026-07-29 11:40:13 - INFO - __main__ -   Página 1: 10 reseñas (10 acumuladas)
2026-07-29 11:40:23 - INFO - __main__ -   Página 2: 10 reseñas (20 acumuladas)
2026-07-29 11:40:41 - INFO - __main__ - Guardado completo: 1 establecimientos, 15 reseñas.
2026-07-29 11:40:44 - INFO - __main__ - === Corrida finalizada: 2 establecimientos, 30 reseñas en total ===
2026-07-29 12:35:23 - INFO - __main__ - === Iniciando scraper de Booking.com ===
2026-07-29 12:35:23 - INFO - __main__ - Usando caché de descubrimiento: C:\Users\jcabr\AI_Dashboard_Core\ingestion\scraping\sitemap_discovery_cache.json
2026-07-29 12:35:23 - INFO - __main__ - [1/10] Procesando https://www.booking.com/hotel/es/castle-harbour-sun-amp-fun.es.html
2026-07-29 12:35:23 - INFO - __main__ - Scrapeando establecimiento: https://www.booking.com/hotel/es/castle-harbour-sun-amp-fun.es.html
2026-07-29 12:36:05 - WARNING - __main__ -   Elemento obsoleto (stale), reintentando (1/4)...
2026-07-29 12:36:10 - ERROR - __main__ - Error procesando https://www.booking.com/hotel/es/castle-harbour-sun-amp-fun.es.html: Message: element click intercepted: Element <button data-testid="fr-read-all-reviews" type="button" class="de576f5064 b46cd7aad7 d0a01e3d83 c7a901b0e7 bbf83acb81">...</button> is not clickable at point (247, 781). Other element would receive the click: <div id="onetrust-banner-sdk" class="otFlat bottom vertical-align-content ot-buttons-fw" tabindex="0" role="region" aria-label="pancarta de galletas" style="bottom: 0px;">...</div>
  (Session info: chrome=150.0.7871.187)
Stacktrace:
	chromedriver!GetHandleVerifier [0x525843+10883]
	chromedriver!GetHandleVerifier [0x525884+108c4]
	chromedriver!(No symbol) [0x3290e0]
	chromedriver!(No symbol) [0x379058]
	chromedriver!(No symbol) [0x3776e9]
	chromedriver!(No symbol) [0x3754c5]
	chromedriver!(No symbol) [0x3746d4]
	chromedriver!(No symbol) [0x36a0ea]
	chromedriver!(No symbol) [0x39566c]
	chromedriver!(No symbol) [0x369b24]
	chromedriver!(No symbol) [0x395834]
	chromedriver!(No symbol) [0x3b31aa]
	chromedriver!(No symbol) [0x395406]
	chromedriver!(No symbol) [0x368659]
	chromedriver!(No symbol) [0x369424]
	chromedriver!GetHandleVerifier [0x7bced6+2a7f16]
	chromedriver!GetHandleVerifier [0x7b847b+2a34bb]
	chromedriver!GetHandleVerifier [0x7d94eb+2c452b]
	chromedriver!GetHandleVerifier [0x53f566+2a5a6]
	chromedriver!GetHandleVerifier [0x54620d+3124d]
	chromedriver!GetHandleVerifier [0x52e318+19358]
	chromedriver!GetHandleVerifier [0x52e4c5+19505]
	chromedriver!GetHandleVerifier [0x5170af+20ef]
	KERNEL32!BaseThreadInitThunk [0x75bc5d49+19]
	ntdll!RtlInitializeExceptionChain [0x77a3e00b+6b]
	ntdll!RtlGetAppContainerNamedObjectPath [0x77a3df91+231]

2026-07-29 12:36:10 - INFO - __main__ - [2/10] Procesando https://www.booking.com/hotel/es/apartment-overlooking-los-gigantes.es.html
2026-07-29 12:36:10 - INFO - __main__ - Scrapeando establecimiento: https://www.booking.com/hotel/es/apartment-overlooking-los-gigantes.es.html
2026-07-29 12:36:48 - INFO - __main__ -   Banner de cookies cerrado.
2026-07-29 12:36:50 - WARNING - __main__ - No se pudo geocodificar 'Calle los Guíos, 1 piano 4 - Apt 408, 38683 Santiago del Teide, España' (ni con ni sin 's/n')
2026-07-29 12:36:57 - WARNING - __main__ -   Elemento obsoleto (stale), reintentando (1/4)...
2026-07-29 12:37:02 - INFO - __main__ -   Página 1: 1 reseñas (1 acumuladas)
2026-07-29 12:37:02 - INFO - __main__ -   No hay más páginas de reseñas.
2026-07-29 12:37:08 - INFO - __main__ - Guardado completo: 1 establecimientos, 1 reseñas.
2026-07-29 12:37:12 - INFO - __main__ - [3/10] Procesando https://www.booking.com/hotel/es/casa-tipo-cueva-toda-una-experiencia-en-artola-marbella-con-toques-dorados-y-pis.es.html
2026-07-29 12:37:12 - INFO - __main__ - Scrapeando establecimiento: https://www.booking.com/hotel/es/casa-tipo-cueva-toda-una-experiencia-en-artola-marbella-con-toques-dorados-y-pis.es.html
2026-07-29 12:37:43 - INFO - __main__ -   Banner de cookies cerrado.
2026-07-29 12:37:46 - WARNING - __main__ - No se pudo geocodificar 'Vial Camino, 28, 29604 Marbella, España' (ni con ni sin 's/n')
2026-07-29 12:38:23 - ERROR - __main__ - Timeout esperando elementos en https://www.booking.com/hotel/es/casa-tipo-cueva-toda-una-experiencia-en-artola-marbella-con-toques-dorados-y-pis.es.html: Message: 
Stacktrace:
	chromedriver!GetHandleVerifier [0x525843+10883]
	chromedriver!GetHandleVerifier [0x525884+108c4]
	chromedriver!(No symbol) [0x3290e0]
	chromedriver!(No symbol) [0x37316b]
	chromedriver!(No symbol) [0x37338b]
	chromedriver!(No symbol) [0x3b5942]
	chromedriver!(No symbol) [0x3956b4]
	chromedriver!(No symbol) [0x3b31aa]
	chromedriver!(No symbol) [0x395406]
	chromedriver!(No symbol) [0x368659]
	chromedriver!(No symbol) [0x369424]
	chromedriver!GetHandleVerifier [0x7bced6+2a7f16]
	chromedriver!GetHandleVerifier [0x7b847b+2a34bb]
	chromedriver!GetHandleVerifier [0x7d94eb+2c452b]
	chromedriver!GetHandleVerifier [0x53f566+2a5a6]
	chromedriver!GetHandleVerifier [0x54620d+3124d]
	chromedriver!GetHandleVerifier [0x52e318+19358]
	chromedriver!GetHandleVerifier [0x52e4c5+19505]
	chromedriver!GetHandleVerifier [0x5170af+20ef]
	KERNEL32!BaseThreadInitThunk [0x75bc5d49+19]
	ntdll!RtlInitializeExceptionChain [0x77a3e00b+6b]
	ntdll!RtlGetAppContainerNamedObjectPath [0x77a3df91+231]

2026-07-29 12:38:25 - ERROR - __main__ - Error procesando https://www.booking.com/hotel/es/casa-tipo-cueva-toda-una-experiencia-en-artola-marbella-con-toques-dorados-y-pis.es.html: Message: 
Stacktrace:
	chromedriver!GetHandleVerifier [0x525843+10883]
	chromedriver!GetHandleVerifier [0x525884+108c4]
	chromedriver!(No symbol) [0x3290e0]
	chromedriver!(No symbol) [0x37316b]
	chromedriver!(No symbol) [0x37338b]
	chromedriver!(No symbol) [0x3b5942]
	chromedriver!(No symbol) [0x3956b4]
	chromedriver!(No symbol) [0x3b31aa]
	chromedriver!(No symbol) [0x395406]
	chromedriver!(No symbol) [0x368659]
	chromedriver!(No symbol) [0x369424]
	chromedriver!GetHandleVerifier [0x7bced6+2a7f16]
	chromedriver!GetHandleVerifier [0x7b847b+2a34bb]
	chromedriver!GetHandleVerifier [0x7d94eb+2c452b]
	chromedriver!GetHandleVerifier [0x53f566+2a5a6]
	chromedriver!GetHandleVerifier [0x54620d+3124d]
	chromedriver!GetHandleVerifier [0x52e318+19358]
	chromedriver!GetHandleVerifier [0x52e4c5+19505]
	chromedriver!GetHandleVerifier [0x5170af+20ef]
	KERNEL32!BaseThreadInitThunk [0x75bc5d49+19]
	ntdll!RtlInitializeExceptionChain [0x77a3e00b+6b]
	ntdll!RtlGetAppContainerNamedObjectPath [0x77a3df91+231]

2026-07-29 12:38:25 - INFO - __main__ - [4/10] Procesando https://www.booking.com/hotel/es/new-finca-panorama-stunning-5-bedroom-with-pool.es.html
2026-07-29 12:38:25 - INFO - __main__ - Scrapeando establecimiento: https://www.booking.com/hotel/es/new-finca-panorama-stunning-5-bedroom-with-pool.es.html
2026-07-29 12:38:54 - WARNING - __main__ -   Elemento obsoleto (stale), reintentando (1/4)...
2026-07-29 12:38:58 - ERROR - __main__ - Error procesando https://www.booking.com/hotel/es/new-finca-panorama-stunning-5-bedroom-with-pool.es.html: Message: element click intercepted: Element <button data-testid="fr-read-all-reviews" type="button" class="de576f5064 b46cd7aad7 d0a01e3d83 c7a901b0e7 bbf83acb81">...</button> is not clickable at point (247, 781). Other element would receive the click: <div id="onetrust-banner-sdk" class="otFlat bottom vertical-align-content ot-buttons-fw" tabindex="0" role="region" aria-label="pancarta de galletas" style="bottom: 0px;">...</div>
  (Session info: chrome=150.0.7871.187)
Stacktrace:
	chromedriver!GetHandleVerifier [0x525843+10883]
	chromedriver!GetHandleVerifier [0x525884+108c4]
	chromedriver!(No symbol) [0x3290e0]
	chromedriver!(No symbol) [0x379058]
	chromedriver!(No symbol) [0x3776e9]
	chromedriver!(No symbol) [0x3754c5]
	chromedriver!(No symbol) [0x3746d4]
	chromedriver!(No symbol) [0x36a0ea]
	chromedriver!(No symbol) [0x39566c]
	chromedriver!(No symbol) [0x369b24]
	chromedriver!(No symbol) [0x395834]
	chromedriver!(No symbol) [0x3b31aa]
	chromedriver!(No symbol) [0x395406]
	chromedriver!(No symbol) [0x368659]
	chromedriver!(No symbol) [0x369424]
	chromedriver!GetHandleVerifier [0x7bced6+2a7f16]
	chromedriver!GetHandleVerifier [0x7b847b+2a34bb]
	chromedriver!GetHandleVerifier [0x7d94eb+2c452b]
	chromedriver!GetHandleVerifier [0x53f566+2a5a6]
	chromedriver!GetHandleVerifier [0x54620d+3124d]
	chromedriver!GetHandleVerifier [0x52e318+19358]
	chromedriver!GetHandleVerifier [0x52e4c5+19505]
	chromedriver!GetHandleVerifier [0x5170af+20ef]
	KERNEL32!BaseThreadInitThunk [0x75bc5d49+19]
	ntdll!RtlInitializeExceptionChain [0x77a3e00b+6b]
	ntdll!RtlGetAppContainerNamedObjectPath [0x77a3df91+231]

2026-07-29 12:38:58 - INFO - __main__ - [5/10] Procesando https://www.booking.com/hotel/es/happy-place-arona.es.html
2026-07-29 12:38:58 - INFO - __main__ - Scrapeando establecimiento: https://www.booking.com/hotel/es/happy-place-arona.es.html
2026-07-29 12:39:18 - WARNING - __main__ -   Elemento obsoleto (stale), reintentando (1/4)...
2026-07-29 12:39:23 - ERROR - __main__ - Error procesando https://www.booking.com/hotel/es/happy-place-arona.es.html: Message: element click intercepted: Element <button data-testid="fr-read-all-reviews" type="button" class="de576f5064 b46cd7aad7 d0a01e3d83 c7a901b0e7 bbf83acb81">...</button> is not clickable at point (247, 782). Other element would receive the click: <div id="onetrust-banner-sdk" class="otFlat bottom vertical-align-content ot-buttons-fw" tabindex="0" role="region" aria-label="pancarta de galletas" style="bottom: 0px;">...</div>
  (Session info: chrome=150.0.7871.187)
Stacktrace:
	chromedriver!GetHandleVerifier [0x525843+10883]
	chromedriver!GetHandleVerifier [0x525884+108c4]
	chromedriver!(No symbol) [0x3290e0]
	chromedriver!(No symbol) [0x379058]
	chromedriver!(No symbol) [0x3776e9]
	chromedriver!(No symbol) [0x3754c5]
	chromedriver!(No symbol) [0x3746d4]
	chromedriver!(No symbol) [0x36a0ea]
	chromedriver!(No symbol) [0x39566c]
	chromedriver!(No symbol) [0x369b24]
	chromedriver!(No symbol) [0x395834]
	chromedriver!(No symbol) [0x3b31aa]
	chromedriver!(No symbol) [0x395406]
	chromedriver!(No symbol) [0x368659]
	chromedriver!(No symbol) [0x369424]
	chromedriver!GetHandleVerifier [0x7bced6+2a7f16]
	chromedriver!GetHandleVerifier [0x7b847b+2a34bb]
	chromedriver!GetHandleVerifier [0x7d94eb+2c452b]
	chromedriver!GetHandleVerifier [0x53f566+2a5a6]
	chromedriver!GetHandleVerifier [0x54620d+3124d]
	chromedriver!GetHandleVerifier [0x52e318+19358]
	chromedriver!GetHandleVerifier [0x52e4c5+19505]
	chromedriver!GetHandleVerifier [0x5170af+20ef]
	KERNEL32!BaseThreadInitThunk [0x75bc5d49+19]
	ntdll!RtlInitializeExceptionChain [0x77a3e00b+6b]
	ntdll!RtlGetAppContainerNamedObjectPath [0x77a3df91+231]

2026-07-29 12:39:23 - INFO - __main__ - [6/10] Procesando https://www.booking.com/hotel/es/villa-lalola-con-piscina-climatizada.es.html
2026-07-29 12:39:23 - INFO - __main__ - Scrapeando establecimiento: https://www.booking.com/hotel/es/villa-lalola-con-piscina-climatizada.es.html
2026-07-29 12:39:38 - WARNING - __main__ -   Elemento obsoleto (stale), reintentando (1/4)...
2026-07-29 12:39:43 - ERROR - __main__ - Error procesando https://www.booking.com/hotel/es/villa-lalola-con-piscina-climatizada.es.html: Message: element click intercepted: Element <button data-testid="fr-read-all-reviews" type="button" class="de576f5064 b46cd7aad7 d0a01e3d83 c7a901b0e7 bbf83acb81">...</button> is not clickable at point (247, 762). Other element would receive the click: <p id="ot-analytical-cookies-p">...</p>
  (Session info: chrome=150.0.7871.187)
Stacktrace:
	chromedriver!GetHandleVerifier [0x525843+10883]
	chromedriver!GetHandleVerifier [0x525884+108c4]
	chromedriver!(No symbol) [0x3290e0]
	chromedriver!(No symbol) [0x379058]
	chromedriver!(No symbol) [0x3776e9]
	chromedriver!(No symbol) [0x3754c5]
	chromedriver!(No symbol) [0x3746d4]
	chromedriver!(No symbol) [0x36a0ea]
	chromedriver!(No symbol) [0x39566c]
	chromedriver!(No symbol) [0x369b24]
	chromedriver!(No symbol) [0x395834]
	chromedriver!(No symbol) [0x3b31aa]
	chromedriver!(No symbol) [0x395406]
	chromedriver!(No symbol) [0x368659]
	chromedriver!(No symbol) [0x369424]
	chromedriver!GetHandleVerifier [0x7bced6+2a7f16]
	chromedriver!GetHandleVerifier [0x7b847b+2a34bb]
	chromedriver!GetHandleVerifier [0x7d94eb+2c452b]
	chromedriver!GetHandleVerifier [0x53f566+2a5a6]
	chromedriver!GetHandleVerifier [0x54620d+3124d]
	chromedriver!GetHandleVerifier [0x52e318+19358]
	chromedriver!GetHandleVerifier [0x52e4c5+19505]
	chromedriver!GetHandleVerifier [0x5170af+20ef]
	KERNEL32!BaseThreadInitThunk [0x75bc5d49+19]
	ntdll!RtlInitializeExceptionChain [0x77a3e00b+6b]
	ntdll!RtlGetAppContainerNamedObjectPath [0x77a3df91+231]

2026-07-29 12:39:43 - INFO - __main__ - [7/10] Procesando https://www.booking.com/hotel/es/waou-palacio-tenorio-santa-cruz-sevilla.es.html
2026-07-29 12:39:43 - INFO - __main__ - Scrapeando establecimiento: https://www.booking.com/hotel/es/waou-palacio-tenorio-santa-cruz-sevilla.es.html
2026-07-29 12:39:55 - INFO - __main__ -   Banner de cookies cerrado.
2026-07-29 12:40:03 - WARNING - __main__ -   Elemento obsoleto (stale), reintentando (1/4)...
2026-07-29 12:40:13 - INFO - __main__ -   Página 1: 2 reseñas (2 acumuladas)
2026-07-29 12:40:13 - INFO - __main__ -   No hay más páginas de reseñas.
2026-07-29 12:40:17 - INFO - __main__ - Guardado completo: 1 establecimientos, 2 reseñas.
2026-07-29 12:40:21 - INFO - __main__ - [8/10] Procesando https://www.booking.com/hotel/es/seaview-royal-garden.es.html
2026-07-29 12:40:21 - INFO - __main__ - Scrapeando establecimiento: https://www.booking.com/hotel/es/seaview-royal-garden.es.html
2026-07-29 12:40:40 - WARNING - __main__ -   Elemento obsoleto (stale), reintentando (1/4)...
2026-07-29 12:40:45 - ERROR - __main__ - Error procesando https://www.booking.com/hotel/es/seaview-royal-garden.es.html: Message: element click intercepted: Element <button data-testid="fr-read-all-reviews" type="button" class="de576f5064 b46cd7aad7 d0a01e3d83 c7a901b0e7 bbf83acb81">...</button> is not clickable at point (247, 782). Other element would receive the click: <div id="onetrust-banner-sdk" class="otFlat bottom vertical-align-content ot-buttons-fw" tabindex="0" role="region" aria-label="pancarta de galletas" style="bottom: 0px;">...</div>
  (Session info: chrome=150.0.7871.187)
Stacktrace:
	chromedriver!GetHandleVerifier [0x525843+10883]
	chromedriver!GetHandleVerifier [0x525884+108c4]
	chromedriver!(No symbol) [0x3290e0]
	chromedriver!(No symbol) [0x379058]
	chromedriver!(No symbol) [0x3776e9]
	chromedriver!(No symbol) [0x3754c5]
	chromedriver!(No symbol) [0x3746d4]
	chromedriver!(No symbol) [0x36a0ea]
	chromedriver!(No symbol) [0x39566c]
	chromedriver!(No symbol) [0x369b24]
	chromedriver!(No symbol) [0x395834]
	chromedriver!(No symbol) [0x3b31aa]
	chromedriver!(No symbol) [0x395406]
	chromedriver!(No symbol) [0x368659]
	chromedriver!(No symbol) [0x369424]
	chromedriver!GetHandleVerifier [0x7bced6+2a7f16]
	chromedriver!GetHandleVerifier [0x7b847b+2a34bb]
	chromedriver!GetHandleVerifier [0x7d94eb+2c452b]
	chromedriver!GetHandleVerifier [0x53f566+2a5a6]
	chromedriver!GetHandleVerifier [0x54620d+3124d]
	chromedriver!GetHandleVerifier [0x52e318+19358]
	chromedriver!GetHandleVerifier [0x52e4c5+19505]
	chromedriver!GetHandleVerifier [0x5170af+20ef]
	KERNEL32!BaseThreadInitThunk [0x75bc5d49+19]
	ntdll!RtlInitializeExceptionChain [0x77a3e00b+6b]
	ntdll!RtlGetAppContainerNamedObjectPath [0x77a3df91+231]

2026-07-29 12:40:45 - INFO - __main__ - [9/10] Procesando https://www.booking.com/hotel/es/rincon-de-la-caleta.es.html
2026-07-29 12:40:45 - INFO - __main__ - Scrapeando establecimiento: https://www.booking.com/hotel/es/rincon-de-la-caleta.es.html
2026-07-29 12:40:57 - WARNING - __main__ - No se pudo geocodificar 'Calle Olmos Edificio Silvia, 4 D, 18697 La Herradura, España' (ni con ni sin 's/n')
2026-07-29 12:41:00 - WARNING - __main__ -   Elemento obsoleto (stale), reintentando (1/4)...
2026-07-29 12:41:05 - ERROR - __main__ - Error procesando https://www.booking.com/hotel/es/rincon-de-la-caleta.es.html: Message: element click intercepted: Element <button data-testid="fr-read-all-reviews" type="button" class="de576f5064 b46cd7aad7 d0a01e3d83 c7a901b0e7 bbf83acb81">...</button> is not clickable at point (247, 781). Other element would receive the click: <div id="onetrust-banner-sdk" class="otFlat bottom vertical-align-content ot-buttons-fw" tabindex="0" role="region" aria-label="pancarta de galletas" style="bottom: 0px;">...</div>
  (Session info: chrome=150.0.7871.187)
Stacktrace:
	chromedriver!GetHandleVerifier [0x525843+10883]
	chromedriver!GetHandleVerifier [0x525884+108c4]
	chromedriver!(No symbol) [0x3290e0]
	chromedriver!(No symbol) [0x379058]
	chromedriver!(No symbol) [0x3776e9]
	chromedriver!(No symbol) [0x3754c5]
	chromedriver!(No symbol) [0x3746d4]
	chromedriver!(No symbol) [0x36a0ea]
	chromedriver!(No symbol) [0x39566c]
	chromedriver!(No symbol) [0x369b24]
	chromedriver!(No symbol) [0x395834]
	chromedriver!(No symbol) [0x3b31aa]
	chromedriver!(No symbol) [0x395406]
	chromedriver!(No symbol) [0x368659]
	chromedriver!(No symbol) [0x369424]
	chromedriver!GetHandleVerifier [0x7bced6+2a7f16]
	chromedriver!GetHandleVerifier [0x7b847b+2a34bb]
	chromedriver!GetHandleVerifier [0x7d94eb+2c452b]
	chromedriver!GetHandleVerifier [0x53f566+2a5a6]
	chromedriver!GetHandleVerifier [0x54620d+3124d]
	chromedriver!GetHandleVerifier [0x52e318+19358]
	chromedriver!GetHandleVerifier [0x52e4c5+19505]
	chromedriver!GetHandleVerifier [0x5170af+20ef]
	KERNEL32!BaseThreadInitThunk [0x75bc5d49+19]
	ntdll!RtlInitializeExceptionChain [0x77a3e00b+6b]
	ntdll!RtlGetAppContainerNamedObjectPath [0x77a3df91+231]

2026-07-29 12:41:05 - INFO - __main__ - [10/10] Procesando https://www.booking.com/hotel/es/grifeu-131-apartamento-duplex-con-2-terrazas.es.html
2026-07-29 12:41:05 - INFO - __main__ - Scrapeando establecimiento: https://www.booking.com/hotel/es/grifeu-131-apartamento-duplex-con-2-terrazas.es.html
2026-07-29 12:41:47 - WARNING - __main__ - No se pudo geocodificar 'C/ Grifeu 27. Esc. 1. PB. P1, 17490 Llançà, España' (ni con ni sin 's/n')
2026-07-29 12:42:25 - ERROR - __main__ - Timeout esperando elementos en https://www.booking.com/hotel/es/grifeu-131-apartamento-duplex-con-2-terrazas.es.html: Message: 
Stacktrace:
	chromedriver!GetHandleVerifier [0x525843+10883]
	chromedriver!GetHandleVerifier [0x525884+108c4]
	chromedriver!(No symbol) [0x3290e0]
	chromedriver!(No symbol) [0x37316b]
	chromedriver!(No symbol) [0x37338b]
	chromedriver!(No symbol) [0x3b5942]
	chromedriver!(No symbol) [0x3956b4]
	chromedriver!(No symbol) [0x3b31aa]
	chromedriver!(No symbol) [0x395406]
	chromedriver!(No symbol) [0x368659]
	chromedriver!(No symbol) [0x369424]
	chromedriver!GetHandleVerifier [0x7bced6+2a7f16]
	chromedriver!GetHandleVerifier [0x7b847b+2a34bb]
	chromedriver!GetHandleVerifier [0x7d94eb+2c452b]
	chromedriver!GetHandleVerifier [0x53f566+2a5a6]
	chromedriver!GetHandleVerifier [0x54620d+3124d]
	chromedriver!GetHandleVerifier [0x52e318+19358]
	chromedriver!GetHandleVerifier [0x52e4c5+19505]
	chromedriver!GetHandleVerifier [0x5170af+20ef]
	KERNEL32!BaseThreadInitThunk [0x75bc5d49+19]
	ntdll!RtlInitializeExceptionChain [0x77a3e00b+6b]
	ntdll!RtlGetAppContainerNamedObjectPath [0x77a3df91+231]

2026-07-29 12:42:28 - ERROR - __main__ - Error procesando https://www.booking.com/hotel/es/grifeu-131-apartamento-duplex-con-2-terrazas.es.html: Message: 
Stacktrace:
	chromedriver!GetHandleVerifier [0x525843+10883]
	chromedriver!GetHandleVerifier [0x525884+108c4]
	chromedriver!(No symbol) [0x3290e0]
	chromedriver!(No symbol) [0x37316b]
	chromedriver!(No symbol) [0x37338b]
	chromedriver!(No symbol) [0x3b5942]
	chromedriver!(No symbol) [0x3956b4]
	chromedriver!(No symbol) [0x3b31aa]
	chromedriver!(No symbol) [0x395406]
	chromedriver!(No symbol) [0x368659]
	chromedriver!(No symbol) [0x369424]
	chromedriver!GetHandleVerifier [0x7bced6+2a7f16]
	chromedriver!GetHandleVerifier [0x7b847b+2a34bb]
	chromedriver!GetHandleVerifier [0x7d94eb+2c452b]
	chromedriver!GetHandleVerifier [0x53f566+2a5a6]
	chromedriver!GetHandleVerifier [0x54620d+3124d]
	chromedriver!GetHandleVerifier [0x52e318+19358]
	chromedriver!GetHandleVerifier [0x52e4c5+19505]
	chromedriver!GetHandleVerifier [0x5170af+20ef]
	KERNEL32!BaseThreadInitThunk [0x75bc5d49+19]
	ntdll!RtlInitializeExceptionChain [0x77a3e00b+6b]
	ntdll!RtlGetAppContainerNamedObjectPath [0x77a3df91+231]

2026-07-29 12:42:28 - INFO - __main__ - === Corrida finalizada: 2 establecimientos, 3 reseñas en total ===
2026-07-29 13:03:37 - INFO - __main__ - === Iniciando scraper de Booking.com ===
2026-07-29 13:03:37 - INFO - __main__ - Usando caché de descubrimiento: C:\Users\jcabr\AI_Dashboard_Core\ingestion\scraping\sitemap_discovery_cache.json
2026-07-29 13:03:37 - INFO - __main__ - [1/10] Procesando https://www.booking.com/hotel/es/castle-harbour-sun-amp-fun.es.html
2026-07-29 13:03:37 - INFO - __main__ - Scrapeando establecimiento: https://www.booking.com/hotel/es/castle-harbour-sun-amp-fun.es.html
2026-07-29 13:04:02 - INFO - __main__ -   Banner de cookies cerrado.
2026-07-29 13:04:09 - WARNING - __main__ -   Elemento obsoleto (stale), reintentando (1/4)...
2026-07-29 13:04:24 - INFO - __main__ -   Página 1: 10 reseñas (10 acumuladas)
2026-07-29 13:04:30 - INFO - __main__ -   Página 2: 6 reseñas (16 acumuladas)
2026-07-29 13:04:35 - INFO - __main__ - Guardado completo: 1 establecimientos, 15 reseñas.
2026-07-29 13:04:41 - INFO - __main__ - [2/10] Procesando https://www.booking.com/hotel/es/apartment-overlooking-los-gigantes.es.html
2026-07-29 13:04:41 - INFO - __main__ - Scrapeando establecimiento: https://www.booking.com/hotel/es/apartment-overlooking-los-gigantes.es.html
2026-07-29 13:05:02 - WARNING - __main__ - No se pudo geocodificar 'Calle los Guíos, 1 piano 4 - Apt 408, 38683 Santiago del Teide, España' (ni con ni sin 's/n')
2026-07-29 13:05:08 - WARNING - __main__ -   Elemento obsoleto (stale), reintentando (1/4)...
2026-07-29 13:05:13 - ERROR - __main__ - Error procesando https://www.booking.com/hotel/es/apartment-overlooking-los-gigantes.es.html: Message: element click intercepted: Element <button data-testid="fr-read-all-reviews" type="button" class="de576f5064 b46cd7aad7 d0a01e3d83 c7a901b0e7 bbf83acb81">...</button> is not clickable at point (247, 781). Other element would receive the click: <div id="onetrust-banner-sdk" class="otFlat bottom vertical-align-content ot-buttons-fw" tabindex="0" role="region" aria-label="pancarta de galletas" style="bottom: 0px;">...</div>
  (Session info: chrome=150.0.7871.187)
Stacktrace:
	chromedriver!GetHandleVerifier [0xbc5843+10883]
	chromedriver!GetHandleVerifier [0xbc5884+108c4]
	chromedriver!(No symbol) [0x9c90e0]
	chromedriver!(No symbol) [0xa19058]
	chromedriver!(No symbol) [0xa176e9]
	chromedriver!(No symbol) [0xa154c5]
	chromedriver!(No symbol) [0xa146d4]
	chromedriver!(No symbol) [0xa0a0ea]
	chromedriver!(No symbol) [0xa3566c]
	chromedriver!(No symbol) [0xa09b24]
	chromedriver!(No symbol) [0xa35834]
	chromedriver!(No symbol) [0xa531aa]
	chromedriver!(No symbol) [0xa35406]
	chromedriver!(No symbol) [0xa08659]
	chromedriver!(No symbol) [0xa09424]
	chromedriver!GetHandleVerifier [0xe5ced6+2a7f16]
	chromedriver!GetHandleVerifier [0xe5847b+2a34bb]
	chromedriver!GetHandleVerifier [0xe794eb+2c452b]
	chromedriver!GetHandleVerifier [0xbdf566+2a5a6]
	chromedriver!GetHandleVerifier [0xbe620d+3124d]
	chromedriver!GetHandleVerifier [0xbce318+19358]
	chromedriver!GetHandleVerifier [0xbce4c5+19505]
	chromedriver!GetHandleVerifier [0xbb70af+20ef]
	KERNEL32!BaseThreadInitThunk [0x75bc5d49+19]
	ntdll!RtlInitializeExceptionChain [0x77a3e00b+6b]
	ntdll!RtlGetAppContainerNamedObjectPath [0x77a3df91+231]

2026-07-29 13:05:13 - INFO - __main__ - [3/10] Procesando https://www.booking.com/hotel/es/casa-tipo-cueva-toda-una-experiencia-en-artola-marbella-con-toques-dorados-y-pis.es.html
2026-07-29 13:05:13 - INFO - __main__ - Scrapeando establecimiento: https://www.booking.com/hotel/es/casa-tipo-cueva-toda-una-experiencia-en-artola-marbella-con-toques-dorados-y-pis.es.html
2026-07-29 13:05:35 - INFO - __main__ -   Banner de cookies cerrado.
2026-07-29 13:05:39 - WARNING - __main__ -   Descartado (no es Tenerife): 'Modern townhouse with private heated pool near Cabopino beach in Artola, Marbella' (https://www.booking.com/hotel/es/casa-tipo-cueva-toda-una-experiencia-en-artola-marbella-con-toques-dorados-y-pis.es.html) no está en Tenerife según el breadcrumb — descartado.
2026-07-29 13:05:46 - INFO - __main__ - [4/10] Procesando https://www.booking.com/hotel/es/new-finca-panorama-stunning-5-bedroom-with-pool.es.html
2026-07-29 13:05:46 - INFO - __main__ - Scrapeando establecimiento: https://www.booking.com/hotel/es/new-finca-panorama-stunning-5-bedroom-with-pool.es.html
2026-07-29 13:06:54 - ERROR - __main__ - Timeout esperando elementos en https://www.booking.com/hotel/es/new-finca-panorama-stunning-5-bedroom-with-pool.es.html: Message: timeout: Timed out receiving message from renderer: 30.000
  (Session info: chrome=150.0.7871.187)
Stacktrace:
	chromedriver!GetHandleVerifier [0xbc5843+10883]
	chromedriver!GetHandleVerifier [0xbc5884+108c4]
	chromedriver!(No symbol) [0x9c90e0]
	chromedriver!(No symbol) [0x9b96d3]
	chromedriver!(No symbol) [0x9b9405]
	chromedriver!(No symbol) [0x9b75d8]
	chromedriver!(No symbol) [0x9b7e26]
	chromedriver!(No symbol) [0x9c4acb]
	chromedriver!(No symbol) [0x9d65de]
	chromedriver!(No symbol) [0x9dc656]
	chromedriver!(No symbol) [0x9b84ac]
	chromedriver!(No symbol) [0x9d6337]
	chromedriver!(No symbol) [0xa530ba]
	chromedriver!(No symbol) [0xa35406]
	chromedriver!(No symbol) [0xa08659]
	chromedriver!(No symbol) [0xa09424]
	chromedriver!GetHandleVerifier [0xe5ced6+2a7f16]
	chromedriver!GetHandleVerifier [0xe5847b+2a34bb]
	chromedriver!GetHandleVerifier [0xe794eb+2c452b]
	chromedriver!GetHandleVerifier [0xbdf566+2a5a6]
	chromedriver!GetHandleVerifier [0xbe620d+3124d]
	chromedriver!GetHandleVerifier [0xbce318+19358]
	chromedriver!GetHandleVerifier [0xbce4c5+19505]
	chromedriver!GetHandleVerifier [0xbb70af+20ef]
	KERNEL32!BaseThreadInitThunk [0x75bc5d49+19]
	ntdll!RtlInitializeExceptionChain [0x77a3e00b+6b]
	ntdll!RtlGetAppContainerNamedObjectPath [0x77a3df91+231]

2026-07-29 13:06:56 - ERROR - __main__ - Error procesando https://www.booking.com/hotel/es/new-finca-panorama-stunning-5-bedroom-with-pool.es.html: Message: timeout: Timed out receiving message from renderer: 30.000
  (Session info: chrome=150.0.7871.187)
Stacktrace:
	chromedriver!GetHandleVerifier [0xbc5843+10883]
	chromedriver!GetHandleVerifier [0xbc5884+108c4]
	chromedriver!(No symbol) [0x9c90e0]
	chromedriver!(No symbol) [0x9b96d3]
	chromedriver!(No symbol) [0x9b9405]
	chromedriver!(No symbol) [0x9b75d8]
	chromedriver!(No symbol) [0x9b7e26]
	chromedriver!(No symbol) [0x9c4acb]
	chromedriver!(No symbol) [0x9d65de]
	chromedriver!(No symbol) [0x9dc656]
	chromedriver!(No symbol) [0x9b84ac]
	chromedriver!(No symbol) [0x9d6337]
	chromedriver!(No symbol) [0xa530ba]
	chromedriver!(No symbol) [0xa35406]
	chromedriver!(No symbol) [0xa08659]
	chromedriver!(No symbol) [0xa09424]
	chromedriver!GetHandleVerifier [0xe5ced6+2a7f16]
	chromedriver!GetHandleVerifier [0xe5847b+2a34bb]
	chromedriver!GetHandleVerifier [0xe794eb+2c452b]
	chromedriver!GetHandleVerifier [0xbdf566+2a5a6]
	chromedriver!GetHandleVerifier [0xbe620d+3124d]
	chromedriver!GetHandleVerifier [0xbce318+19358]
	chromedriver!GetHandleVerifier [0xbce4c5+19505]
	chromedriver!GetHandleVerifier [0xbb70af+20ef]
	KERNEL32!BaseThreadInitThunk [0x75bc5d49+19]
	ntdll!RtlInitializeExceptionChain [0x77a3e00b+6b]
	ntdll!RtlGetAppContainerNamedObjectPath [0x77a3df91+231]

2026-07-29 13:06:56 - INFO - __main__ - [5/10] Procesando https://www.booking.com/hotel/es/happy-place-arona.es.html
2026-07-29 13:06:56 - INFO - __main__ - Scrapeando establecimiento: https://www.booking.com/hotel/es/happy-place-arona.es.html
2026-07-29 13:07:28 - WARNING - __main__ -   Elemento obsoleto (stale), reintentando (1/4)...
2026-07-29 13:07:33 - ERROR - __main__ - Error procesando https://www.booking.com/hotel/es/happy-place-arona.es.html: Message: element click intercepted: Element <button data-testid="fr-read-all-reviews" type="button" class="de576f5064 b46cd7aad7 d0a01e3d83 c7a901b0e7 bbf83acb81">...</button> is not clickable at point (247, 782). Other element would receive the click: <div id="onetrust-banner-sdk" class="otFlat bottom vertical-align-content ot-buttons-fw" tabindex="0" role="region" aria-label="pancarta de galletas" style="bottom: 0px;">...</div>
  (Session info: chrome=150.0.7871.187)
Stacktrace:
	chromedriver!GetHandleVerifier [0xbc5843+10883]
	chromedriver!GetHandleVerifier [0xbc5884+108c4]
	chromedriver!(No symbol) [0x9c90e0]
	chromedriver!(No symbol) [0xa19058]
	chromedriver!(No symbol) [0xa176e9]
	chromedriver!(No symbol) [0xa154c5]
	chromedriver!(No symbol) [0xa146d4]
	chromedriver!(No symbol) [0xa0a0ea]
	chromedriver!(No symbol) [0xa3566c]
	chromedriver!(No symbol) [0xa09b24]
	chromedriver!(No symbol) [0xa35834]
	chromedriver!(No symbol) [0xa531aa]
	chromedriver!(No symbol) [0xa35406]
	chromedriver!(No symbol) [0xa08659]
	chromedriver!(No symbol) [0xa09424]
	chromedriver!GetHandleVerifier [0xe5ced6+2a7f16]
	chromedriver!GetHandleVerifier [0xe5847b+2a34bb]
	chromedriver!GetHandleVerifier [0xe794eb+2c452b]
	chromedriver!GetHandleVerifier [0xbdf566+2a5a6]
	chromedriver!GetHandleVerifier [0xbe620d+3124d]
	chromedriver!GetHandleVerifier [0xbce318+19358]
	chromedriver!GetHandleVerifier [0xbce4c5+19505]
	chromedriver!GetHandleVerifier [0xbb70af+20ef]
	KERNEL32!BaseThreadInitThunk [0x75bc5d49+19]
	ntdll!RtlInitializeExceptionChain [0x77a3e00b+6b]
	ntdll!RtlGetAppContainerNamedObjectPath [0x77a3df91+231]

2026-07-29 13:07:33 - INFO - __main__ - [6/10] Procesando https://www.booking.com/hotel/es/villa-lalola-con-piscina-climatizada.es.html
2026-07-29 13:07:33 - INFO - __main__ - Scrapeando establecimiento: https://www.booking.com/hotel/es/villa-lalola-con-piscina-climatizada.es.html
2026-07-29 13:07:52 - WARNING - __main__ -   Descartado (no es Tenerife): 'Villa LaLola con piscina, oasis privado' (https://www.booking.com/hotel/es/villa-lalola-con-piscina-climatizada.es.html) no está en Tenerife según el breadcrumb — descartado.
2026-07-29 13:07:58 - INFO - __main__ - [7/10] Procesando https://www.booking.com/hotel/es/waou-palacio-tenorio-santa-cruz-sevilla.es.html
2026-07-29 13:07:58 - INFO - __main__ - Scrapeando establecimiento: https://www.booking.com/hotel/es/waou-palacio-tenorio-santa-cruz-sevilla.es.html
2026-07-29 13:08:18 - INFO - __main__ -   Banner de cookies cerrado.
2026-07-29 13:08:23 - WARNING - __main__ -   Descartado (no es Tenerife): 'Waou Palacio Tenorio Santa Cruz' (https://www.booking.com/hotel/es/waou-palacio-tenorio-santa-cruz-sevilla.es.html) no está en Tenerife según el breadcrumb — descartado.
2026-07-29 13:08:29 - INFO - __main__ - [8/10] Procesando https://www.booking.com/hotel/es/seaview-royal-garden.es.html
2026-07-29 13:08:29 - INFO - __main__ - Scrapeando establecimiento: https://www.booking.com/hotel/es/seaview-royal-garden.es.html
2026-07-29 13:08:50 - INFO - __main__ -   Banner de cookies cerrado.
2026-07-29 13:09:00 - WARNING - __main__ -   Elemento obsoleto (stale), reintentando (1/4)...
2026-07-29 13:09:12 - INFO - __main__ -   Página 1: 10 reseñas (10 acumuladas)
2026-07-29 13:09:21 - INFO - __main__ -   Página 2: 3 reseñas (13 acumuladas)
2026-07-29 13:09:26 - INFO - __main__ - Guardado completo: 1 establecimientos, 13 reseñas.
2026-07-29 13:09:32 - INFO - __main__ - [9/10] Procesando https://www.booking.com/hotel/es/rincon-de-la-caleta.es.html
2026-07-29 13:09:32 - INFO - __main__ - Scrapeando establecimiento: https://www.booking.com/hotel/es/rincon-de-la-caleta.es.html
2026-07-29 13:10:01 - INFO - __main__ -   Banner de cookies cerrado.
2026-07-29 13:10:05 - WARNING - __main__ -   Descartado (no es Tenerife): 'Rincón de la Caleta' (https://www.booking.com/hotel/es/rincon-de-la-caleta.es.html) no está en Tenerife según el breadcrumb — descartado.
2026-07-29 13:10:11 - INFO - __main__ - [10/10] Procesando https://www.booking.com/hotel/es/grifeu-131-apartamento-duplex-con-2-terrazas.es.html
2026-07-29 13:10:11 - INFO - __main__ - Scrapeando establecimiento: https://www.booking.com/hotel/es/grifeu-131-apartamento-duplex-con-2-terrazas.es.html
2026-07-29 13:10:36 - INFO - __main__ -   Banner de cookies cerrado.
2026-07-29 13:10:39 - WARNING - __main__ -   Descartado (no es Tenerife): 'Grifeu 13.1 - Apartamento dúplex con 2 terrazas' (https://www.booking.com/hotel/es/grifeu-131-apartamento-duplex-con-2-terrazas.es.html) no está en Tenerife según el breadcrumb — descartado.
2026-07-29 13:10:44 - INFO - __main__ - === Corrida finalizada: 2 establecimientos, 28 reseñas en total (5 descartados por no ser de Tenerife) ===
2026-07-29 13:18:43 - INFO - __main__ - === Iniciando scraper de Booking.com ===
2026-07-29 13:18:43 - INFO - __main__ - Usando caché de descubrimiento: C:\Users\jcabr\AI_Dashboard_Core\ingestion\scraping\sitemap_discovery_cache.json
2026-07-29 13:18:43 - INFO - __main__ - 7 establecimiento(s) ya completados en corridas anteriores, se omiten.
2026-07-29 13:18:43 - INFO - __main__ - [1/3] Procesando https://www.booking.com/hotel/es/apartment-overlooking-los-gigantes.es.html
2026-07-29 13:18:43 - INFO - __main__ - Scrapeando establecimiento: https://www.booking.com/hotel/es/apartment-overlooking-los-gigantes.es.html
2026-07-29 13:19:11 - WARNING - __main__ - No se pudo geocodificar 'Calle los Guíos, 1 piano 4 - Apt 408, 38683 Santiago del Teide, España' (ni con ni sin 's/n')
2026-07-29 13:19:15 - INFO - __main__ -   Banner de cookies cerrado.
2026-07-29 13:19:20 - INFO - __main__ -   Página 1: 1 reseñas (1 acumuladas)
2026-07-29 13:19:20 - INFO - __main__ -   No hay más páginas de reseñas.
2026-07-29 13:19:27 - INFO - __main__ - Guardado completo: 1 establecimientos, 1 reseñas.
2026-07-29 13:19:33 - INFO - __main__ - [2/3] Procesando https://www.booking.com/hotel/es/new-finca-panorama-stunning-5-bedroom-with-pool.es.html
2026-07-29 13:19:33 - INFO - __main__ - Scrapeando establecimiento: https://www.booking.com/hotel/es/new-finca-panorama-stunning-5-bedroom-with-pool.es.html
2026-07-29 13:19:56 - WARNING - __main__ -   Descartado (no es Tenerife): 'NEW Finca Panorama - Stunning 5 Bedroom with pool' (https://www.booking.com/hotel/es/new-finca-panorama-stunning-5-bedroom-with-pool.es.html) no está en Tenerife según el breadcrumb — descartado.
2026-07-29 13:20:00 - INFO - __main__ - [3/3] Procesando https://www.booking.com/hotel/es/happy-place-arona.es.html
2026-07-29 13:20:00 - INFO - __main__ - Scrapeando establecimiento: https://www.booking.com/hotel/es/happy-place-arona.es.html
2026-07-29 13:20:17 - INFO - __main__ -   Banner de cookies cerrado.
2026-07-29 13:20:26 - ERROR - __main__ - Error procesando https://www.booking.com/hotel/es/happy-place-arona.es.html: Message: element not interactable
  (Session info: chrome=150.0.7871.187)
Stacktrace:
	chromedriver!GetHandleVerifier [0xbc5843+10883]
	chromedriver!GetHandleVerifier [0xbc5884+108c4]
	chromedriver!(No symbol) [0x9c8f1e]
	chromedriver!(No symbol) [0xa14354]
	chromedriver!(No symbol) [0xa0a0ea]
	chromedriver!(No symbol) [0xa3566c]
	chromedriver!(No symbol) [0xa09b24]
	chromedriver!(No symbol) [0xa35834]
	chromedriver!(No symbol) [0xa531aa]
	chromedriver!(No symbol) [0xa35406]
	chromedriver!(No symbol) [0xa08659]
	chromedriver!(No symbol) [0xa09424]
	chromedriver!GetHandleVerifier [0xe5ced6+2a7f16]
	chromedriver!GetHandleVerifier [0xe5847b+2a34bb]
	chromedriver!GetHandleVerifier [0xe794eb+2c452b]
	chromedriver!GetHandleVerifier [0xbdf566+2a5a6]
	chromedriver!GetHandleVerifier [0xbe620d+3124d]
	chromedriver!GetHandleVerifier [0xbce318+19358]
	chromedriver!GetHandleVerifier [0xbce4c5+19505]
	chromedriver!GetHandleVerifier [0xbb70af+20ef]
	KERNEL32!BaseThreadInitThunk [0x75bc5d49+19]
	ntdll!RtlInitializeExceptionChain [0x77a3e00b+6b]
	ntdll!RtlGetAppContainerNamedObjectPath [0x77a3df91+231]

2026-07-29 13:20:26 - INFO - __main__ - === Corrida finalizada: 1 establecimientos, 1 reseñas en total (1 descartados por no ser de Tenerife) ===
2026-07-29 13:27:32 - INFO - __main__ - === Iniciando scraper de Booking.com ===
2026-07-29 13:27:32 - INFO - __main__ - Usando caché de descubrimiento: C:\Users\jcabr\AI_Dashboard_Core\ingestion\scraping\sitemap_discovery_cache.json
2026-07-29 13:27:32 - INFO - __main__ - 9 establecimiento(s) ya completados en corridas anteriores, se omiten.
2026-07-29 13:27:32 - INFO - __main__ - [1/1] Procesando https://www.booking.com/hotel/es/happy-place-arona.es.html
2026-07-29 13:27:32 - INFO - __main__ - Scrapeando establecimiento: https://www.booking.com/hotel/es/happy-place-arona.es.html
2026-07-29 13:27:57 - INFO - __main__ -   Banner de cookies cerrado.
2026-07-29 13:28:04 - INFO - __main__ -   Página 1: 1 reseñas (1 acumuladas)
2026-07-29 13:28:05 - INFO - __main__ -   No hay más páginas de reseñas.
2026-07-29 13:28:08 - INFO - __main__ - Guardado completo: 1 establecimientos, 1 reseñas.
2026-07-29 13:28:15 - INFO - __main__ - === Corrida finalizada: 1 establecimientos, 1 reseñas en total (0 descartados por no ser de Tenerife) ===
2026-07-29 13:32:50 - INFO - __main__ - === Iniciando scraper de Booking.com ===
2026-07-29 13:32:50 - INFO - __main__ - Usando caché de descubrimiento: C:\Users\jcabr\AI_Dashboard_Core\ingestion\scraping\sitemap_discovery_cache.json
2026-07-29 13:32:50 - INFO - __main__ - [1/10] Procesando https://www.booking.com/hotel/es/castle-harbour-sun-amp-fun.es.html
2026-07-29 13:32:50 - INFO - __main__ - Scrapeando establecimiento: https://www.booking.com/hotel/es/castle-harbour-sun-amp-fun.es.html
2026-07-29 13:33:18 - INFO - __main__ -   Banner de cookies cerrado.
2026-07-29 13:33:27 - INFO - __main__ -   Página 1: 10 reseñas (10 acumuladas)
2026-07-29 13:33:33 - INFO - __main__ -   Página 2: 6 reseñas (16 acumuladas)
2026-07-29 13:33:37 - INFO - __main__ - Guardado completo: 1 establecimientos, 15 reseñas.
2026-07-29 13:33:40 - INFO - __main__ - [2/10] Procesando https://www.booking.com/hotel/es/apartment-overlooking-los-gigantes.es.html
2026-07-29 13:33:40 - INFO - __main__ - Scrapeando establecimiento: https://www.booking.com/hotel/es/apartment-overlooking-los-gigantes.es.html
2026-07-29 13:33:56 - INFO - __main__ -   Reintentando solo con código postal + ciudad: '38683 Santiago del Teide, España'
2026-07-29 13:34:01 - INFO - __main__ -   Banner de cookies cerrado.
2026-07-29 13:34:08 - INFO - __main__ -   Página 1: 1 reseñas (1 acumuladas)
2026-07-29 13:34:08 - INFO - __main__ -   No hay más páginas de reseñas.
2026-07-29 13:34:11 - INFO - __main__ - Guardado completo: 1 establecimientos, 1 reseñas.
2026-07-29 13:34:15 - INFO - __main__ - [3/10] Procesando https://www.booking.com/hotel/es/casa-tipo-cueva-toda-una-experiencia-en-artola-marbella-con-toques-dorados-y-pis.es.html
2026-07-29 13:34:15 - INFO - __main__ - Scrapeando establecimiento: https://www.booking.com/hotel/es/casa-tipo-cueva-toda-una-experiencia-en-artola-marbella-con-toques-dorados-y-pis.es.html
2026-07-29 13:34:35 - WARNING - __main__ -   Descartado (no es Tenerife): 'Modern townhouse with private heated pool near Cabopino beach in Artola, Marbella' (https://www.booking.com/hotel/es/casa-tipo-cueva-toda-una-experiencia-en-artola-marbella-con-toques-dorados-y-pis.es.html) no está en Tenerife según el breadcrumb — descartado.
2026-07-29 13:34:39 - INFO - __main__ - [4/10] Procesando https://www.booking.com/hotel/es/new-finca-panorama-stunning-5-bedroom-with-pool.es.html
2026-07-29 13:34:39 - INFO - __main__ - Scrapeando establecimiento: https://www.booking.com/hotel/es/new-finca-panorama-stunning-5-bedroom-with-pool.es.html
2026-07-29 13:35:01 - INFO - __main__ -   Banner de cookies cerrado.
2026-07-29 13:35:05 - WARNING - __main__ -   Descartado (no es Tenerife): 'NEW Finca Panorama - Stunning 5 Bedroom with pool' (https://www.booking.com/hotel/es/new-finca-panorama-stunning-5-bedroom-with-pool.es.html) no está en Tenerife según el breadcrumb — descartado.
2026-07-29 13:35:11 - INFO - __main__ - [5/10] Procesando https://www.booking.com/hotel/es/happy-place-arona.es.html
2026-07-29 13:35:11 - INFO - __main__ - Scrapeando establecimiento: https://www.booking.com/hotel/es/happy-place-arona.es.html
2026-07-29 13:35:32 - INFO - __main__ -   Banner de cookies cerrado.
2026-07-29 13:35:39 - INFO - __main__ -   Página 1: 1 reseñas (1 acumuladas)
2026-07-29 13:35:39 - INFO - __main__ -   No hay más páginas de reseñas.
2026-07-29 13:35:43 - INFO - __main__ - Guardado completo: 1 establecimientos, 1 reseñas.
2026-07-29 13:35:46 - INFO - __main__ - [6/10] Procesando https://www.booking.com/hotel/es/villa-lalola-con-piscina-climatizada.es.html
2026-07-29 13:35:46 - INFO - __main__ - Scrapeando establecimiento: https://www.booking.com/hotel/es/villa-lalola-con-piscina-climatizada.es.html
2026-07-29 13:36:10 - INFO - __main__ -   Banner de cookies cerrado.
2026-07-29 13:36:13 - WARNING - __main__ -   Descartado (no es Tenerife): 'Villa LaLola con piscina, oasis privado' (https://www.booking.com/hotel/es/villa-lalola-con-piscina-climatizada.es.html) no está en Tenerife según el breadcrumb — descartado.
2026-07-29 13:36:20 - INFO - __main__ - [7/10] Procesando https://www.booking.com/hotel/es/waou-palacio-tenorio-santa-cruz-sevilla.es.html
2026-07-29 13:36:20 - INFO - __main__ - Scrapeando establecimiento: https://www.booking.com/hotel/es/waou-palacio-tenorio-santa-cruz-sevilla.es.html
2026-07-29 13:36:42 - WARNING - __main__ -   Descartado (no es Tenerife): 'Waou Palacio Tenorio Santa Cruz' (https://www.booking.com/hotel/es/waou-palacio-tenorio-santa-cruz-sevilla.es.html) no está en Tenerife según el breadcrumb — descartado.
2026-07-29 13:36:47 - INFO - __main__ - [8/10] Procesando https://www.booking.com/hotel/es/seaview-royal-garden.es.html
2026-07-29 13:36:47 - INFO - __main__ - Scrapeando establecimiento: https://www.booking.com/hotel/es/seaview-royal-garden.es.html
2026-07-29 13:37:03 - INFO - __main__ -   Banner de cookies cerrado.
2026-07-29 13:37:11 - INFO - __main__ -   Banner de cookies cerrado.
2026-07-29 13:37:22 - INFO - __main__ -   Página 1: 10 reseñas (10 acumuladas)
2026-07-29 13:37:30 - INFO - __main__ -   Página 2: 3 reseñas (13 acumuladas)
2026-07-29 13:37:34 - INFO - __main__ - Guardado completo: 1 establecimientos, 13 reseñas.
2026-07-29 13:37:41 - INFO - __main__ - [9/10] Procesando https://www.booking.com/hotel/es/rincon-de-la-caleta.es.html
2026-07-29 13:37:41 - INFO - __main__ - Scrapeando establecimiento: https://www.booking.com/hotel/es/rincon-de-la-caleta.es.html
2026-07-29 13:38:05 - WARNING - __main__ -   Descartado (no es Tenerife): 'Rincón de la Caleta' (https://www.booking.com/hotel/es/rincon-de-la-caleta.es.html) no está en Tenerife según el breadcrumb — descartado.
2026-07-29 13:38:10 - INFO - __main__ - [10/10] Procesando https://www.booking.com/hotel/es/grifeu-131-apartamento-duplex-con-2-terrazas.es.html
2026-07-29 13:38:10 - INFO - __main__ - Scrapeando establecimiento: https://www.booking.com/hotel/es/grifeu-131-apartamento-duplex-con-2-terrazas.es.html
2026-07-29 13:38:30 - WARNING - __main__ -   Descartado (no es Tenerife): 'Grifeu 13.1 - Apartamento dúplex con 2 terrazas' (https://www.booking.com/hotel/es/grifeu-131-apartamento-duplex-con-2-terrazas.es.html) no está en Tenerife según el breadcrumb — descartado.
2026-07-29 13:38:35 - INFO - __main__ - === Corrida finalizada: 4 establecimientos, 30 reseñas en total (6 descartados por no ser de Tenerife) ===
2026-07-29 13:50:01 - INFO - __main__ - === Iniciando scraper de Booking.com ===
2026-07-29 13:50:01 - INFO - __main__ - Usando caché de descubrimiento: C:\Users\jcabr\AI_Dashboard_Core\ingestion\scraping\sitemap_discovery_cache.json
2026-07-29 13:50:01 - INFO - __main__ - 10 establecimiento(s) ya completados en corridas anteriores, se omiten.
2026-07-29 13:50:01 - INFO - __main__ - [1/10] Procesando https://www.booking.com/hotel/es/amarilla-beach-apartment.es.html
2026-07-29 13:50:01 - INFO - __main__ - Scrapeando establecimiento: https://www.booking.com/hotel/es/amarilla-beach-apartment.es.html
2026-07-29 13:50:42 - INFO - __main__ -   Reintentando solo con código postal + ciudad: '38639 San Miguel de Abona, España'
2026-07-29 13:50:50 - INFO - __main__ -   Banner de cookies cerrado.
2026-07-29 13:51:01 - INFO - __main__ -   Página 1: 10 reseñas (10 acumuladas)
2026-07-29 13:51:07 - INFO - __main__ -   Página 2: 1 reseñas (11 acumuladas)
2026-07-29 13:51:21 - INFO - __main__ - Guardado completo: 1 establecimientos, 11 reseñas.
2026-07-29 13:51:26 - INFO - __main__ - [2/10] Procesando https://www.booking.com/hotel/es/casa-rural-con-piscina-el-huerto-del-olivo-plasezuela-trujillo-caceres.es.html
2026-07-29 13:51:26 - INFO - __main__ - Scrapeando establecimiento: https://www.booking.com/hotel/es/casa-rural-con-piscina-el-huerto-del-olivo-plasezuela-trujillo-caceres.es.html
2026-07-29 13:52:21 - WARNING - __main__ -   Descartado (no es Tenerife): 'Casa Rural con piscina El Huerto del Olivo, Plasenzuela, Trujillo, Cáceres' (https://www.booking.com/hotel/es/casa-rural-con-piscina-el-huerto-del-olivo-plasezuela-trujillo-caceres.es.html) no está en Tenerife según el breadcrumb — descartado.
2026-07-29 13:52:27 - INFO - __main__ - [3/10] Procesando https://www.booking.com/hotel/es/apartamento-sami-vista-al-mar-y-piscina.es.html
2026-07-29 13:52:27 - INFO - __main__ - Scrapeando establecimiento: https://www.booking.com/hotel/es/apartamento-sami-vista-al-mar-y-piscina.es.html
2026-07-29 13:53:13 - WARNING - __main__ -   Descartado (no es Tenerife): 'Apartamento Sami vista al mar y piscina' (https://www.booking.com/hotel/es/apartamento-sami-vista-al-mar-y-piscina.es.html) no está en Tenerife según el breadcrumb — descartado.
2026-07-29 13:53:19 - INFO - __main__ - [4/10] Procesando https://www.booking.com/hotel/es/las-canteras-ocean-view-las-palmas-de-gran-canaria.es.html
2026-07-29 13:53:19 - INFO - __main__ - Scrapeando establecimiento: https://www.booking.com/hotel/es/las-canteras-ocean-view-las-palmas-de-gran-canaria.es.html
2026-07-29 13:54:04 - INFO - __main__ -   Banner de cookies cerrado.
2026-07-29 13:54:08 - WARNING - __main__ -   Descartado (no es Tenerife): 'Las Canteras Ocean View' (https://www.booking.com/hotel/es/las-canteras-ocean-view-las-palmas-de-gran-canaria.es.html) no está en Tenerife según el breadcrumb — descartado.
2026-07-29 13:54:12 - INFO - __main__ - [5/10] Procesando https://www.booking.com/hotel/es/apure-apartment-downtown-la-laguna.es.html
2026-07-29 13:54:12 - INFO - __main__ - Scrapeando establecimiento: https://www.booking.com/hotel/es/apure-apartment-downtown-la-laguna.es.html
2026-07-29 13:54:45 - INFO - __main__ -   Banner de cookies cerrado.
2026-07-29 13:54:52 - INFO - __main__ -   Banner de cookies cerrado.
2026-07-29 13:55:00 - INFO - __main__ -   Página 1: 10 reseñas (10 acumuladas)
2026-07-29 13:55:09 - INFO - __main__ -   Página 2: 10 reseñas (20 acumuladas)
2026-07-29 13:55:26 - INFO - __main__ - Guardado completo: 1 establecimientos, 15 reseñas.
2026-07-29 13:55:29 - INFO - __main__ - [6/10] Procesando https://www.booking.com/hotel/es/casa-colibri-con-piscina-privada.es.html
2026-07-29 13:55:29 - INFO - __main__ - Scrapeando establecimiento: https://www.booking.com/hotel/es/casa-colibri-con-piscina-privada.es.html
2026-07-29 13:56:25 - ERROR - __main__ - Timeout esperando elementos en https://www.booking.com/hotel/es/casa-colibri-con-piscina-privada.es.html: Message: timeout: Timed out receiving message from renderer: 30.000
  (Session info: chrome=150.0.7871.187)
Stacktrace:
	chromedriver!GetHandleVerifier [0xbc5843+10883]
	chromedriver!GetHandleVerifier [0xbc5884+108c4]
	chromedriver!(No symbol) [0x9c90e0]
	chromedriver!(No symbol) [0x9b96d3]
	chromedriver!(No symbol) [0x9b9405]
	chromedriver!(No symbol) [0x9b75d8]
	chromedriver!(No symbol) [0x9b7e26]
	chromedriver!(No symbol) [0x9c4acb]
	chromedriver!(No symbol) [0x9d65de]
	chromedriver!(No symbol) [0x9dc656]
	chromedriver!(No symbol) [0x9b84ac]
	chromedriver!(No symbol) [0x9d6337]
	chromedriver!(No symbol) [0xa530ba]
	chromedriver!(No symbol) [0xa35406]
	chromedriver!(No symbol) [0xa08659]
	chromedriver!(No symbol) [0xa09424]
	chromedriver!GetHandleVerifier [0xe5ced6+2a7f16]
	chromedriver!GetHandleVerifier [0xe5847b+2a34bb]
	chromedriver!GetHandleVerifier [0xe794eb+2c452b]
	chromedriver!GetHandleVerifier [0xbdf566+2a5a6]
	chromedriver!GetHandleVerifier [0xbe620d+3124d]
	chromedriver!GetHandleVerifier [0xbce318+19358]
	chromedriver!GetHandleVerifier [0xbce4c5+19505]
	chromedriver!GetHandleVerifier [0xbb70af+20ef]
	KERNEL32!BaseThreadInitThunk [0x75bc5d49+19]
	ntdll!RtlInitializeExceptionChain [0x77a3e00b+6b]
	ntdll!RtlGetAppContainerNamedObjectPath [0x77a3df91+231]

2026-07-29 13:56:27 - ERROR - __main__ - Error procesando https://www.booking.com/hotel/es/casa-colibri-con-piscina-privada.es.html: Message: timeout: Timed out receiving message from renderer: 30.000
  (Session info: chrome=150.0.7871.187)
Stacktrace:
	chromedriver!GetHandleVerifier [0xbc5843+10883]
	chromedriver!GetHandleVerifier [0xbc5884+108c4]
	chromedriver!(No symbol) [0x9c90e0]
	chromedriver!(No symbol) [0x9b96d3]
	chromedriver!(No symbol) [0x9b9405]
	chromedriver!(No symbol) [0x9b75d8]
	chromedriver!(No symbol) [0x9b7e26]
	chromedriver!(No symbol) [0x9c4acb]
	chromedriver!(No symbol) [0x9d65de]
	chromedriver!(No symbol) [0x9dc656]
	chromedriver!(No symbol) [0x9b84ac]
	chromedriver!(No symbol) [0x9d6337]
	chromedriver!(No symbol) [0xa530ba]
	chromedriver!(No symbol) [0xa35406]
	chromedriver!(No symbol) [0xa08659]
	chromedriver!(No symbol) [0xa09424]
	chromedriver!GetHandleVerifier [0xe5ced6+2a7f16]
	chromedriver!GetHandleVerifier [0xe5847b+2a34bb]
	chromedriver!GetHandleVerifier [0xe794eb+2c452b]
	chromedriver!GetHandleVerifier [0xbdf566+2a5a6]
	chromedriver!GetHandleVerifier [0xbe620d+3124d]
	chromedriver!GetHandleVerifier [0xbce318+19358]
	chromedriver!GetHandleVerifier [0xbce4c5+19505]
	chromedriver!GetHandleVerifier [0xbb70af+20ef]
	KERNEL32!BaseThreadInitThunk [0x75bc5d49+19]
	ntdll!RtlInitializeExceptionChain [0x77a3e00b+6b]
	ntdll!RtlGetAppContainerNamedObjectPath [0x77a3df91+231]

2026-07-29 13:56:27 - INFO - __main__ - [7/10] Procesando https://www.booking.com/hotel/es/sauna-privada-piscina-climatizada-jacuzzi-y-bbq-para-8-personas.es.html
2026-07-29 13:56:27 - INFO - __main__ - Scrapeando establecimiento: https://www.booking.com/hotel/es/sauna-privada-piscina-climatizada-jacuzzi-y-bbq-para-8-personas.es.html
2026-07-29 13:57:10 - INFO - __main__ -   Banner de cookies cerrado.
2026-07-29 13:57:14 - WARNING - __main__ -   Descartado (no es Tenerife): 'Villa Naranjos - Sauna - Jacuzzi - Gym - BBQ' (https://www.booking.com/hotel/es/sauna-privada-piscina-climatizada-jacuzzi-y-bbq-para-8-personas.es.html) no está en Tenerife según el breadcrumb — descartado.
2026-07-29 13:57:21 - INFO - __main__ - [8/10] Procesando https://www.booking.com/hotel/es/casa-julia-la-laguna1.es.html
2026-07-29 13:57:21 - INFO - __main__ - Scrapeando establecimiento: https://www.booking.com/hotel/es/casa-julia-la-laguna1.es.html
2026-07-29 13:58:07 - INFO - __main__ -   Banner de cookies cerrado.
2026-07-29 13:58:09 - INFO - __main__ -   Reintentando solo con código postal + ciudad: '38260 La Laguna, España'
2026-07-29 13:58:14 - INFO - __main__ -   Banner de cookies cerrado.
2026-07-29 13:58:25 - INFO - __main__ -   Página 1: 10 reseñas (10 acumuladas)
2026-07-29 13:58:29 - INFO - __main__ -   Página 2: 4 reseñas (14 acumuladas)
2026-07-29 13:58:34 - INFO - __main__ - Guardado completo: 1 establecimientos, 14 reseñas.
2026-07-29 13:58:39 - INFO - __main__ - [9/10] Procesando https://www.booking.com/hotel/es/rio-beach-los-cristianos.es.html
2026-07-29 13:58:39 - INFO - __main__ - Scrapeando establecimiento: https://www.booking.com/hotel/es/rio-beach-los-cristianos.es.html
2026-07-29 13:59:08 - INFO - __main__ -   Banner de cookies cerrado.
2026-07-29 13:59:15 - INFO - __main__ -   Banner de cookies cerrado.
2026-07-29 13:59:25 - INFO - __main__ -   Página 1: 5 reseñas (5 acumuladas)
2026-07-29 13:59:25 - INFO - __main__ -   No hay más páginas de reseñas.
2026-07-29 14:20:38 - ERROR - __main__ - Error procesando https://www.booking.com/hotel/es/rio-beach-los-cristianos.es.html: Server failed to authenticate the request. Make sure the value of Authorization header is formed correctly including the signature.
RequestId:bb88a8c4-701e-0008-3854-1f3312000000
Time:2026-07-29T12:20:40.4351574Z
ErrorCode:AuthenticationFailed
authenticationerrordetail:Request date header too old: 'Wed, 29 Jul 2026 11:59:27 GMT'
Content: <?xml version="1.0" encoding="utf-8"?><Error><Code>AuthenticationFailed</Code><Message>Server failed to authenticate the request. Make sure the value of Authorization header is formed correctly including the signature.
RequestId:bb88a8c4-701e-0008-3854-1f3312000000
Time:2026-07-29T12:20:40.4351574Z</Message><AuthenticationErrorDetail>Request date header too old: 'Wed, 29 Jul 2026 11:59:27 GMT'</AuthenticationErrorDetail></Error>
2026-07-29 14:20:38 - INFO - __main__ - [10/10] Procesando https://www.booking.com/hotel/es/residencial-bitacora-3.es.html
2026-07-29 14:20:38 - INFO - __main__ - Scrapeando establecimiento: https://www.booking.com/hotel/es/residencial-bitacora-3.es.html
2026-07-29 14:21:25 - ERROR - __main__ - Timeout esperando elementos en https://www.booking.com/hotel/es/residencial-bitacora-3.es.html: Message: timeout: Timed out receiving message from renderer: 30.000
  (Session info: chrome=150.0.7871.187)
Stacktrace:
	chromedriver!GetHandleVerifier [0xbc5843+10883]
	chromedriver!GetHandleVerifier [0xbc5884+108c4]
	chromedriver!(No symbol) [0x9c90e0]
	chromedriver!(No symbol) [0x9b96d3]
	chromedriver!(No symbol) [0x9b9405]
	chromedriver!(No symbol) [0x9b75d8]
	chromedriver!(No symbol) [0x9b7e26]
	chromedriver!(No symbol) [0x9c4acb]
	chromedriver!(No symbol) [0x9d65de]
	chromedriver!(No symbol) [0x9dc656]
	chromedriver!(No symbol) [0x9b84ac]
	chromedriver!(No symbol) [0x9d6337]
	chromedriver!(No symbol) [0xa530ba]
	chromedriver!(No symbol) [0xa35406]
	chromedriver!(No symbol) [0xa08659]
	chromedriver!(No symbol) [0xa09424]
	chromedriver!GetHandleVerifier [0xe5ced6+2a7f16]
	chromedriver!GetHandleVerifier [0xe5847b+2a34bb]
	chromedriver!GetHandleVerifier [0xe794eb+2c452b]
	chromedriver!GetHandleVerifier [0xbdf566+2a5a6]
	chromedriver!GetHandleVerifier [0xbe620d+3124d]
	chromedriver!GetHandleVerifier [0xbce318+19358]
	chromedriver!GetHandleVerifier [0xbce4c5+19505]
	chromedriver!GetHandleVerifier [0xbb70af+20ef]
	KERNEL32!BaseThreadInitThunk [0x75bc5d49+19]
	ntdll!RtlInitializeExceptionChain [0x77a3e00b+6b]
	ntdll!RtlGetAppContainerNamedObjectPath [0x77a3df91+231]

2026-07-29 14:21:27 - ERROR - __main__ - Error procesando https://www.booking.com/hotel/es/residencial-bitacora-3.es.html: Message: timeout: Timed out receiving message from renderer: 30.000
  (Session info: chrome=150.0.7871.187)
Stacktrace:
	chromedriver!GetHandleVerifier [0xbc5843+10883]
	chromedriver!GetHandleVerifier [0xbc5884+108c4]
	chromedriver!(No symbol) [0x9c90e0]
	chromedriver!(No symbol) [0x9b96d3]
	chromedriver!(No symbol) [0x9b9405]
	chromedriver!(No symbol) [0x9b75d8]
	chromedriver!(No symbol) [0x9b7e26]
	chromedriver!(No symbol) [0x9c4acb]
	chromedriver!(No symbol) [0x9d65de]
	chromedriver!(No symbol) [0x9dc656]
	chromedriver!(No symbol) [0x9b84ac]
	chromedriver!(No symbol) [0x9d6337]
	chromedriver!(No symbol) [0xa530ba]
	chromedriver!(No symbol) [0xa35406]
	chromedriver!(No symbol) [0xa08659]
	chromedriver!(No symbol) [0xa09424]
	chromedriver!GetHandleVerifier [0xe5ced6+2a7f16]
	chromedriver!GetHandleVerifier [0xe5847b+2a34bb]
	chromedriver!GetHandleVerifier [0xe794eb+2c452b]
	chromedriver!GetHandleVerifier [0xbdf566+2a5a6]
	chromedriver!GetHandleVerifier [0xbe620d+3124d]
	chromedriver!GetHandleVerifier [0xbce318+19358]
	chromedriver!GetHandleVerifier [0xbce4c5+19505]
	chromedriver!GetHandleVerifier [0xbb70af+20ef]
	KERNEL32!BaseThreadInitThunk [0x75bc5d49+19]
	ntdll!RtlInitializeExceptionChain [0x77a3e00b+6b]
	ntdll!RtlGetAppContainerNamedObjectPath [0x77a3df91+231]

2026-07-29 14:21:27 - INFO - __main__ - === Corrida finalizada: 4 establecimientos, 45 reseñas en total (4 descartados por no ser de Tenerife) ===
2026-07-29 14:31:47 - INFO - __main__ - === Iniciando scraper de Booking.com ===
2026-07-29 14:31:47 - INFO - __main__ - Usando caché de descubrimiento: C:\Users\jcabr\AI_Dashboard_Core\ingestion\scraping\sitemap_discovery_cache.json
2026-07-29 14:31:47 - INFO - __main__ - [1/20] Procesando https://www.booking.com/hotel/es/castle-harbour-sun-amp-fun.es.html
2026-07-29 14:31:47 - INFO - __main__ - Scrapeando establecimiento: https://www.booking.com/hotel/es/castle-harbour-sun-amp-fun.es.html
2026-07-29 14:32:33 - ERROR - __main__ - Timeout esperando elementos en https://www.booking.com/hotel/es/castle-harbour-sun-amp-fun.es.html: Message: timeout: Timed out receiving message from renderer: 30.000
  (Session info: chrome=150.0.7871.187)
Stacktrace:
	chromedriver!GetHandleVerifier [0xbc5843+10883]
	chromedriver!GetHandleVerifier [0xbc5884+108c4]
	chromedriver!(No symbol) [0x9c90e0]
	chromedriver!(No symbol) [0x9b96d3]
	chromedriver!(No symbol) [0x9b9405]
	chromedriver!(No symbol) [0x9b75d8]
	chromedriver!(No symbol) [0x9b7e26]
	chromedriver!(No symbol) [0x9c4acb]
	chromedriver!(No symbol) [0x9d65de]
	chromedriver!(No symbol) [0x9dc656]
	chromedriver!(No symbol) [0x9b84ac]
	chromedriver!(No symbol) [0x9d6337]
	chromedriver!(No symbol) [0xa530ba]
	chromedriver!(No symbol) [0xa35406]
	chromedriver!(No symbol) [0xa08659]
	chromedriver!(No symbol) [0xa09424]
	chromedriver!GetHandleVerifier [0xe5ced6+2a7f16]
	chromedriver!GetHandleVerifier [0xe5847b+2a34bb]
	chromedriver!GetHandleVerifier [0xe794eb+2c452b]
	chromedriver!GetHandleVerifier [0xbdf566+2a5a6]
	chromedriver!GetHandleVerifier [0xbe620d+3124d]
	chromedriver!GetHandleVerifier [0xbce318+19358]
	chromedriver!GetHandleVerifier [0xbce4c5+19505]
	chromedriver!GetHandleVerifier [0xbb70af+20ef]
	KERNEL32!BaseThreadInitThunk [0x75bc5d49+19]
	ntdll!RtlInitializeExceptionChain [0x77a3e00b+6b]
	ntdll!RtlGetAppContainerNamedObjectPath [0x77a3df91+231]

2026-07-29 14:32:35 - ERROR - __main__ - Error procesando https://www.booking.com/hotel/es/castle-harbour-sun-amp-fun.es.html: Message: timeout: Timed out receiving message from renderer: 30.000
  (Session info: chrome=150.0.7871.187)
Stacktrace:
	chromedriver!GetHandleVerifier [0xbc5843+10883]
	chromedriver!GetHandleVerifier [0xbc5884+108c4]
	chromedriver!(No symbol) [0x9c90e0]
	chromedriver!(No symbol) [0x9b96d3]
	chromedriver!(No symbol) [0x9b9405]
	chromedriver!(No symbol) [0x9b75d8]
	chromedriver!(No symbol) [0x9b7e26]
	chromedriver!(No symbol) [0x9c4acb]
	chromedriver!(No symbol) [0x9d65de]
	chromedriver!(No symbol) [0x9dc656]
	chromedriver!(No symbol) [0x9b84ac]
	chromedriver!(No symbol) [0x9d6337]
	chromedriver!(No symbol) [0xa530ba]
	chromedriver!(No symbol) [0xa35406]
	chromedriver!(No symbol) [0xa08659]
	chromedriver!(No symbol) [0xa09424]
	chromedriver!GetHandleVerifier [0xe5ced6+2a7f16]
	chromedriver!GetHandleVerifier [0xe5847b+2a34bb]
	chromedriver!GetHandleVerifier [0xe794eb+2c452b]
	chromedriver!GetHandleVerifier [0xbdf566+2a5a6]
	chromedriver!GetHandleVerifier [0xbe620d+3124d]
	chromedriver!GetHandleVerifier [0xbce318+19358]
	chromedriver!GetHandleVerifier [0xbce4c5+19505]
	chromedriver!GetHandleVerifier [0xbb70af+20ef]
	KERNEL32!BaseThreadInitThunk [0x75bc5d49+19]
	ntdll!RtlInitializeExceptionChain [0x77a3e00b+6b]
	ntdll!RtlGetAppContainerNamedObjectPath [0x77a3df91+231]

2026-07-29 14:32:35 - INFO - __main__ - [2/20] Procesando https://www.booking.com/hotel/es/apartment-overlooking-los-gigantes.es.html
2026-07-29 14:32:35 - INFO - __main__ - Scrapeando establecimiento: https://www.booking.com/hotel/es/apartment-overlooking-los-gigantes.es.html
2026-07-29 14:33:22 - ERROR - __main__ - Timeout esperando elementos en https://www.booking.com/hotel/es/apartment-overlooking-los-gigantes.es.html: Message: timeout: Timed out receiving message from renderer: 30.000
  (Session info: chrome=150.0.7871.187)
Stacktrace:
	chromedriver!GetHandleVerifier [0xbc5843+10883]
	chromedriver!GetHandleVerifier [0xbc5884+108c4]
	chromedriver!(No symbol) [0x9c90e0]
	chromedriver!(No symbol) [0x9b96d3]
	chromedriver!(No symbol) [0x9b9405]
	chromedriver!(No symbol) [0x9b75d8]
	chromedriver!(No symbol) [0x9b7e26]
	chromedriver!(No symbol) [0x9c4acb]
	chromedriver!(No symbol) [0x9d65de]
	chromedriver!(No symbol) [0x9dc656]
	chromedriver!(No symbol) [0x9b84ac]
	chromedriver!(No symbol) [0x9d6337]
	chromedriver!(No symbol) [0xa530ba]
	chromedriver!(No symbol) [0xa35406]
	chromedriver!(No symbol) [0xa08659]
	chromedriver!(No symbol) [0xa09424]
	chromedriver!GetHandleVerifier [0xe5ced6+2a7f16]
	chromedriver!GetHandleVerifier [0xe5847b+2a34bb]
	chromedriver!GetHandleVerifier [0xe794eb+2c452b]
	chromedriver!GetHandleVerifier [0xbdf566+2a5a6]
	chromedriver!GetHandleVerifier [0xbe620d+3124d]
	chromedriver!GetHandleVerifier [0xbce318+19358]
	chromedriver!GetHandleVerifier [0xbce4c5+19505]
	chromedriver!GetHandleVerifier [0xbb70af+20ef]
	KERNEL32!BaseThreadInitThunk [0x75bc5d49+19]
	ntdll!RtlInitializeExceptionChain [0x77a3e00b+6b]
	ntdll!RtlGetAppContainerNamedObjectPath [0x77a3df91+231]

2026-07-29 14:33:24 - ERROR - __main__ - Error procesando https://www.booking.com/hotel/es/apartment-overlooking-los-gigantes.es.html: Message: timeout: Timed out receiving message from renderer: 30.000
  (Session info: chrome=150.0.7871.187)
Stacktrace:
	chromedriver!GetHandleVerifier [0xbc5843+10883]
	chromedriver!GetHandleVerifier [0xbc5884+108c4]
	chromedriver!(No symbol) [0x9c90e0]
	chromedriver!(No symbol) [0x9b96d3]
	chromedriver!(No symbol) [0x9b9405]
	chromedriver!(No symbol) [0x9b75d8]
	chromedriver!(No symbol) [0x9b7e26]
	chromedriver!(No symbol) [0x9c4acb]
	chromedriver!(No symbol) [0x9d65de]
	chromedriver!(No symbol) [0x9dc656]
	chromedriver!(No symbol) [0x9b84ac]
	chromedriver!(No symbol) [0x9d6337]
	chromedriver!(No symbol) [0xa530ba]
	chromedriver!(No symbol) [0xa35406]
	chromedriver!(No symbol) [0xa08659]
	chromedriver!(No symbol) [0xa09424]
	chromedriver!GetHandleVerifier [0xe5ced6+2a7f16]
	chromedriver!GetHandleVerifier [0xe5847b+2a34bb]
	chromedriver!GetHandleVerifier [0xe794eb+2c452b]
	chromedriver!GetHandleVerifier [0xbdf566+2a5a6]
	chromedriver!GetHandleVerifier [0xbe620d+3124d]
	chromedriver!GetHandleVerifier [0xbce318+19358]
	chromedriver!GetHandleVerifier [0xbce4c5+19505]
	chromedriver!GetHandleVerifier [0xbb70af+20ef]
	KERNEL32!BaseThreadInitThunk [0x75bc5d49+19]
	ntdll!RtlInitializeExceptionChain [0x77a3e00b+6b]
	ntdll!RtlGetAppContainerNamedObjectPath [0x77a3df91+231]

2026-07-29 14:33:24 - INFO - __main__ - [3/20] Procesando https://www.booking.com/hotel/es/casa-tipo-cueva-toda-una-experiencia-en-artola-marbella-con-toques-dorados-y-pis.es.html
2026-07-29 14:33:24 - INFO - __main__ - Scrapeando establecimiento: https://www.booking.com/hotel/es/casa-tipo-cueva-toda-una-experiencia-en-artola-marbella-con-toques-dorados-y-pis.es.html
2026-07-29 14:34:07 - ERROR - __main__ - Timeout esperando elementos en https://www.booking.com/hotel/es/casa-tipo-cueva-toda-una-experiencia-en-artola-marbella-con-toques-dorados-y-pis.es.html: Message: timeout: Timed out receiving message from renderer: 14.862
  (Session info: chrome=150.0.7871.187)
Stacktrace:
	chromedriver!GetHandleVerifier [0xbc5843+10883]
	chromedriver!GetHandleVerifier [0xbc5884+108c4]
	chromedriver!(No symbol) [0x9c90e0]
	chromedriver!(No symbol) [0x9b96d3]
	chromedriver!(No symbol) [0x9b9405]
	chromedriver!(No symbol) [0x9b75d8]
	chromedriver!(No symbol) [0x9b7e26]
	chromedriver!(No symbol) [0x9c4acb]
	chromedriver!(No symbol) [0x9d65de]
	chromedriver!(No symbol) [0x9dc656]
	chromedriver!(No symbol) [0x9b84ac]
	chromedriver!(No symbol) [0x9d6337]
	chromedriver!(No symbol) [0xa53493]
	chromedriver!(No symbol) [0xa35406]
	chromedriver!(No symbol) [0xa08659]
	chromedriver!(No symbol) [0xa09424]
	chromedriver!GetHandleVerifier [0xe5ced6+2a7f16]
	chromedriver!GetHandleVerifier [0xe5847b+2a34bb]
	chromedriver!GetHandleVerifier [0xe794eb+2c452b]
	chromedriver!GetHandleVerifier [0xbdf566+2a5a6]
	chromedriver!GetHandleVerifier [0xbe620d+3124d]
	chromedriver!GetHandleVerifier [0xbce318+19358]
	chromedriver!GetHandleVerifier [0xbce4c5+19505]
	chromedriver!GetHandleVerifier [0xbb70af+20ef]
	KERNEL32!BaseThreadInitThunk [0x75bc5d49+19]
	ntdll!RtlInitializeExceptionChain [0x77a3e00b+6b]
	ntdll!RtlGetAppContainerNamedObjectPath [0x77a3df91+231]

2026-07-29 14:34:09 - ERROR - __main__ - Error procesando https://www.booking.com/hotel/es/casa-tipo-cueva-toda-una-experiencia-en-artola-marbella-con-toques-dorados-y-pis.es.html: Message: timeout: Timed out receiving message from renderer: 14.862
  (Session info: chrome=150.0.7871.187)
Stacktrace:
	chromedriver!GetHandleVerifier [0xbc5843+10883]
	chromedriver!GetHandleVerifier [0xbc5884+108c4]
	chromedriver!(No symbol) [0x9c90e0]
	chromedriver!(No symbol) [0x9b96d3]
	chromedriver!(No symbol) [0x9b9405]
	chromedriver!(No symbol) [0x9b75d8]
	chromedriver!(No symbol) [0x9b7e26]
	chromedriver!(No symbol) [0x9c4acb]
	chromedriver!(No symbol) [0x9d65de]
	chromedriver!(No symbol) [0x9dc656]
	chromedriver!(No symbol) [0x9b84ac]
	chromedriver!(No symbol) [0x9d6337]
	chromedriver!(No symbol) [0xa53493]
	chromedriver!(No symbol) [0xa35406]
	chromedriver!(No symbol) [0xa08659]
	chromedriver!(No symbol) [0xa09424]
	chromedriver!GetHandleVerifier [0xe5ced6+2a7f16]
	chromedriver!GetHandleVerifier [0xe5847b+2a34bb]
	chromedriver!GetHandleVerifier [0xe794eb+2c452b]
	chromedriver!GetHandleVerifier [0xbdf566+2a5a6]
	chromedriver!GetHandleVerifier [0xbe620d+3124d]
	chromedriver!GetHandleVerifier [0xbce318+19358]
	chromedriver!GetHandleVerifier [0xbce4c5+19505]
	chromedriver!GetHandleVerifier [0xbb70af+20ef]
	KERNEL32!BaseThreadInitThunk [0x75bc5d49+19]
	ntdll!RtlInitializeExceptionChain [0x77a3e00b+6b]
	ntdll!RtlGetAppContainerNamedObjectPath [0x77a3df91+231]

2026-07-29 14:34:09 - INFO - __main__ - [4/20] Procesando https://www.booking.com/hotel/es/new-finca-panorama-stunning-5-bedroom-with-pool.es.html
2026-07-29 14:34:09 - INFO - __main__ - Scrapeando establecimiento: https://www.booking.com/hotel/es/new-finca-panorama-stunning-5-bedroom-with-pool.es.html
2026-07-29 14:35:25 - ERROR - __main__ - Timeout esperando elementos en https://www.booking.com/hotel/es/new-finca-panorama-stunning-5-bedroom-with-pool.es.html: Message: timeout: Timed out receiving message from renderer: 30.000
  (Session info: chrome=150.0.7871.187)
Stacktrace:
	chromedriver!GetHandleVerifier [0xbc5843+10883]
	chromedriver!GetHandleVerifier [0xbc5884+108c4]
	chromedriver!(No symbol) [0x9c90e0]
	chromedriver!(No symbol) [0x9b96d3]
	chromedriver!(No symbol) [0x9b9405]
	chromedriver!(No symbol) [0x9b75d8]
	chromedriver!(No symbol) [0x9b7e26]
	chromedriver!(No symbol) [0x9c4acb]
	chromedriver!(No symbol) [0x9d65de]
	chromedriver!(No symbol) [0x9dc656]
	chromedriver!(No symbol) [0x9b84ac]
	chromedriver!(No symbol) [0x9d6337]
	chromedriver!(No symbol) [0xa530ba]
	chromedriver!(No symbol) [0xa35406]
	chromedriver!(No symbol) [0xa08659]
	chromedriver!(No symbol) [0xa09424]
	chromedriver!GetHandleVerifier [0xe5ced6+2a7f16]
	chromedriver!GetHandleVerifier [0xe5847b+2a34bb]
	chromedriver!GetHandleVerifier [0xe794eb+2c452b]
	chromedriver!GetHandleVerifier [0xbdf566+2a5a6]
	chromedriver!GetHandleVerifier [0xbe620d+3124d]
	chromedriver!GetHandleVerifier [0xbce318+19358]
	chromedriver!GetHandleVerifier [0xbce4c5+19505]
	chromedriver!GetHandleVerifier [0xbb70af+20ef]
	KERNEL32!BaseThreadInitThunk [0x75bc5d49+19]
	ntdll!RtlInitializeExceptionChain [0x77a3e00b+6b]
	ntdll!RtlGetAppContainerNamedObjectPath [0x77a3df91+231]

2026-07-29 14:35:28 - ERROR - __main__ - Error procesando https://www.booking.com/hotel/es/new-finca-panorama-stunning-5-bedroom-with-pool.es.html: Message: timeout: Timed out receiving message from renderer: 30.000
  (Session info: chrome=150.0.7871.187)
Stacktrace:
	chromedriver!GetHandleVerifier [0xbc5843+10883]
	chromedriver!GetHandleVerifier [0xbc5884+108c4]
	chromedriver!(No symbol) [0x9c90e0]
	chromedriver!(No symbol) [0x9b96d3]
	chromedriver!(No symbol) [0x9b9405]
	chromedriver!(No symbol) [0x9b75d8]
	chromedriver!(No symbol) [0x9b7e26]
	chromedriver!(No symbol) [0x9c4acb]
	chromedriver!(No symbol) [0x9d65de]
	chromedriver!(No symbol) [0x9dc656]
	chromedriver!(No symbol) [0x9b84ac]
	chromedriver!(No symbol) [0x9d6337]
	chromedriver!(No symbol) [0xa530ba]
	chromedriver!(No symbol) [0xa35406]
	chromedriver!(No symbol) [0xa08659]
	chromedriver!(No symbol) [0xa09424]
	chromedriver!GetHandleVerifier [0xe5ced6+2a7f16]
	chromedriver!GetHandleVerifier [0xe5847b+2a34bb]
	chromedriver!GetHandleVerifier [0xe794eb+2c452b]
	chromedriver!GetHandleVerifier [0xbdf566+2a5a6]
	chromedriver!GetHandleVerifier [0xbe620d+3124d]
	chromedriver!GetHandleVerifier [0xbce318+19358]
	chromedriver!GetHandleVerifier [0xbce4c5+19505]
	chromedriver!GetHandleVerifier [0xbb70af+20ef]
	KERNEL32!BaseThreadInitThunk [0x75bc5d49+19]
	ntdll!RtlInitializeExceptionChain [0x77a3e00b+6b]
	ntdll!RtlGetAppContainerNamedObjectPath [0x77a3df91+231]

2026-07-29 14:35:28 - INFO - __main__ - [5/20] Procesando https://www.booking.com/hotel/es/happy-place-arona.es.html
2026-07-29 14:35:28 - INFO - __main__ - Scrapeando establecimiento: https://www.booking.com/hotel/es/happy-place-arona.es.html
2026-07-29 14:37:09 - ERROR - __main__ - Error procesando https://www.booking.com/hotel/es/happy-place-arona.es.html: Could not reach host. Are you offline?
2026-07-29 14:37:09 - INFO - __main__ - [6/20] Procesando https://www.booking.com/hotel/es/villa-lalola-con-piscina-climatizada.es.html
2026-07-29 14:37:09 - INFO - __main__ - Scrapeando establecimiento: https://www.booking.com/hotel/es/villa-lalola-con-piscina-climatizada.es.html
2026-07-29 14:38:03 - ERROR - __main__ - Timeout esperando elementos en https://www.booking.com/hotel/es/villa-lalola-con-piscina-climatizada.es.html: Message: timeout: Timed out receiving message from renderer: 30.000
  (Session info: chrome=150.0.7871.187)
Stacktrace:
	chromedriver!GetHandleVerifier [0xbc5843+10883]
	chromedriver!GetHandleVerifier [0xbc5884+108c4]
	chromedriver!(No symbol) [0x9c90e0]
	chromedriver!(No symbol) [0x9b96d3]
	chromedriver!(No symbol) [0x9b9405]
	chromedriver!(No symbol) [0x9b75d8]
	chromedriver!(No symbol) [0x9b7e26]
	chromedriver!(No symbol) [0x9c4acb]
	chromedriver!(No symbol) [0x9d65de]
	chromedriver!(No symbol) [0x9dc656]
	chromedriver!(No symbol) [0x9b84ac]
	chromedriver!(No symbol) [0x9d6337]
	chromedriver!(No symbol) [0xa530ba]
	chromedriver!(No symbol) [0xa35406]
	chromedriver!(No symbol) [0xa08659]
	chromedriver!(No symbol) [0xa09424]
	chromedriver!GetHandleVerifier [0xe5ced6+2a7f16]
	chromedriver!GetHandleVerifier [0xe5847b+2a34bb]
	chromedriver!GetHandleVerifier [0xe794eb+2c452b]
	chromedriver!GetHandleVerifier [0xbdf566+2a5a6]
	chromedriver!GetHandleVerifier [0xbe620d+3124d]
	chromedriver!GetHandleVerifier [0xbce318+19358]
	chromedriver!GetHandleVerifier [0xbce4c5+19505]
	chromedriver!GetHandleVerifier [0xbb70af+20ef]
	KERNEL32!BaseThreadInitThunk [0x75bc5d49+19]
	ntdll!RtlInitializeExceptionChain [0x77a3e00b+6b]
	ntdll!RtlGetAppContainerNamedObjectPath [0x77a3df91+231]

2026-07-29 14:38:05 - ERROR - __main__ - Error procesando https://www.booking.com/hotel/es/villa-lalola-con-piscina-climatizada.es.html: Message: timeout: Timed out receiving message from renderer: 30.000
  (Session info: chrome=150.0.7871.187)
Stacktrace:
	chromedriver!GetHandleVerifier [0xbc5843+10883]
	chromedriver!GetHandleVerifier [0xbc5884+108c4]
	chromedriver!(No symbol) [0x9c90e0]
	chromedriver!(No symbol) [0x9b96d3]
	chromedriver!(No symbol) [0x9b9405]
	chromedriver!(No symbol) [0x9b75d8]
	chromedriver!(No symbol) [0x9b7e26]
	chromedriver!(No symbol) [0x9c4acb]
	chromedriver!(No symbol) [0x9d65de]
	chromedriver!(No symbol) [0x9dc656]
	chromedriver!(No symbol) [0x9b84ac]
	chromedriver!(No symbol) [0x9d6337]
	chromedriver!(No symbol) [0xa530ba]
	chromedriver!(No symbol) [0xa35406]
	chromedriver!(No symbol) [0xa08659]
	chromedriver!(No symbol) [0xa09424]
	chromedriver!GetHandleVerifier [0xe5ced6+2a7f16]
	chromedriver!GetHandleVerifier [0xe5847b+2a34bb]
	chromedriver!GetHandleVerifier [0xe794eb+2c452b]
	chromedriver!GetHandleVerifier [0xbdf566+2a5a6]
	chromedriver!GetHandleVerifier [0xbe620d+3124d]
	chromedriver!GetHandleVerifier [0xbce318+19358]
	chromedriver!GetHandleVerifier [0xbce4c5+19505]
	chromedriver!GetHandleVerifier [0xbb70af+20ef]
	KERNEL32!BaseThreadInitThunk [0x75bc5d49+19]
	ntdll!RtlInitializeExceptionChain [0x77a3e00b+6b]
	ntdll!RtlGetAppContainerNamedObjectPath [0x77a3df91+231]

2026-07-29 14:38:05 - INFO - __main__ - [7/20] Procesando https://www.booking.com/hotel/es/waou-palacio-tenorio-santa-cruz-sevilla.es.html
2026-07-29 14:38:05 - INFO - __main__ - Scrapeando establecimiento: https://www.booking.com/hotel/es/waou-palacio-tenorio-santa-cruz-sevilla.es.html
2026-07-29 14:38:59 - ERROR - __main__ - Timeout esperando elementos en https://www.booking.com/hotel/es/waou-palacio-tenorio-santa-cruz-sevilla.es.html: Message: timeout: Timed out receiving message from renderer: 30.000
  (Session info: chrome=150.0.7871.187)
Stacktrace:
	chromedriver!GetHandleVerifier [0xbc5843+10883]
	chromedriver!GetHandleVerifier [0xbc5884+108c4]
	chromedriver!(No symbol) [0x9c90e0]
	chromedriver!(No symbol) [0x9b96d3]
	chromedriver!(No symbol) [0x9b9405]
	chromedriver!(No symbol) [0x9b75d8]
	chromedriver!(No symbol) [0x9b7e26]
	chromedriver!(No symbol) [0x9c4acb]
	chromedriver!(No symbol) [0x9d65de]
	chromedriver!(No symbol) [0x9dc656]
	chromedriver!(No symbol) [0x9b84ac]
	chromedriver!(No symbol) [0x9d6337]
	chromedriver!(No symbol) [0xa530ba]
	chromedriver!(No symbol) [0xa35406]
	chromedriver!(No symbol) [0xa08659]
	chromedriver!(No symbol) [0xa09424]
	chromedriver!GetHandleVerifier [0xe5ced6+2a7f16]
	chromedriver!GetHandleVerifier [0xe5847b+2a34bb]
	chromedriver!GetHandleVerifier [0xe794eb+2c452b]
	chromedriver!GetHandleVerifier [0xbdf566+2a5a6]
	chromedriver!GetHandleVerifier [0xbe620d+3124d]
	chromedriver!GetHandleVerifier [0xbce318+19358]
	chromedriver!GetHandleVerifier [0xbce4c5+19505]
	chromedriver!GetHandleVerifier [0xbb70af+20ef]
	KERNEL32!BaseThreadInitThunk [0x75bc5d49+19]
	ntdll!RtlInitializeExceptionChain [0x77a3e00b+6b]
	ntdll!RtlGetAppContainerNamedObjectPath [0x77a3df91+231]

2026-07-29 14:39:01 - ERROR - __main__ - Error procesando https://www.booking.com/hotel/es/waou-palacio-tenorio-santa-cruz-sevilla.es.html: Message: timeout: Timed out receiving message from renderer: 30.000
  (Session info: chrome=150.0.7871.187)
Stacktrace:
	chromedriver!GetHandleVerifier [0xbc5843+10883]
	chromedriver!GetHandleVerifier [0xbc5884+108c4]
	chromedriver!(No symbol) [0x9c90e0]
	chromedriver!(No symbol) [0x9b96d3]
	chromedriver!(No symbol) [0x9b9405]
	chromedriver!(No symbol) [0x9b75d8]
	chromedriver!(No symbol) [0x9b7e26]
	chromedriver!(No symbol) [0x9c4acb]
	chromedriver!(No symbol) [0x9d65de]
	chromedriver!(No symbol) [0x9dc656]
	chromedriver!(No symbol) [0x9b84ac]
	chromedriver!(No symbol) [0x9d6337]
	chromedriver!(No symbol) [0xa530ba]
	chromedriver!(No symbol) [0xa35406]
	chromedriver!(No symbol) [0xa08659]
	chromedriver!(No symbol) [0xa09424]
	chromedriver!GetHandleVerifier [0xe5ced6+2a7f16]
	chromedriver!GetHandleVerifier [0xe5847b+2a34bb]
	chromedriver!GetHandleVerifier [0xe794eb+2c452b]
	chromedriver!GetHandleVerifier [0xbdf566+2a5a6]
	chromedriver!GetHandleVerifier [0xbe620d+3124d]
	chromedriver!GetHandleVerifier [0xbce318+19358]
	chromedriver!GetHandleVerifier [0xbce4c5+19505]
	chromedriver!GetHandleVerifier [0xbb70af+20ef]
	KERNEL32!BaseThreadInitThunk [0x75bc5d49+19]
	ntdll!RtlInitializeExceptionChain [0x77a3e00b+6b]
	ntdll!RtlGetAppContainerNamedObjectPath [0x77a3df91+231]

2026-07-29 14:39:01 - INFO - __main__ - [8/20] Procesando https://www.booking.com/hotel/es/seaview-royal-garden.es.html
2026-07-29 14:39:01 - INFO - __main__ - Scrapeando establecimiento: https://www.booking.com/hotel/es/seaview-royal-garden.es.html
2026-07-29 14:39:40 - ERROR - __main__ - Timeout esperando elementos en https://www.booking.com/hotel/es/seaview-royal-garden.es.html: Message: timeout: Timed out receiving message from renderer: 23.095
  (Session info: chrome=150.0.7871.187)
Stacktrace:
	chromedriver!GetHandleVerifier [0xbc5843+10883]
	chromedriver!GetHandleVerifier [0xbc5884+108c4]
	chromedriver!(No symbol) [0x9c90e0]
	chromedriver!(No symbol) [0x9b96d3]
	chromedriver!(No symbol) [0x9b9405]
	chromedriver!(No symbol) [0x9b75d8]
	chromedriver!(No symbol) [0x9b7e26]
	chromedriver!(No symbol) [0x9c4acb]
	chromedriver!(No symbol) [0x9d65de]
	chromedriver!(No symbol) [0x9dc656]
	chromedriver!(No symbol) [0x9b84ac]
	chromedriver!(No symbol) [0x9d6337]
	chromedriver!(No symbol) [0xa53493]
	chromedriver!(No symbol) [0xa35406]
	chromedriver!(No symbol) [0xa08659]
	chromedriver!(No symbol) [0xa09424]
	chromedriver!GetHandleVerifier [0xe5ced6+2a7f16]
	chromedriver!GetHandleVerifier [0xe5847b+2a34bb]
	chromedriver!GetHandleVerifier [0xe794eb+2c452b]
	chromedriver!GetHandleVerifier [0xbdf566+2a5a6]
	chromedriver!GetHandleVerifier [0xbe620d+3124d]
	chromedriver!GetHandleVerifier [0xbce318+19358]
	chromedriver!GetHandleVerifier [0xbce4c5+19505]
	chromedriver!GetHandleVerifier [0xbb70af+20ef]
	KERNEL32!BaseThreadInitThunk [0x75bc5d49+19]
	ntdll!RtlInitializeExceptionChain [0x77a3e00b+6b]
	ntdll!RtlGetAppContainerNamedObjectPath [0x77a3df91+231]

2026-07-29 14:39:42 - ERROR - __main__ - Error procesando https://www.booking.com/hotel/es/seaview-royal-garden.es.html: Message: timeout: Timed out receiving message from renderer: 23.095
  (Session info: chrome=150.0.7871.187)
Stacktrace:
	chromedriver!GetHandleVerifier [0xbc5843+10883]
	chromedriver!GetHandleVerifier [0xbc5884+108c4]
	chromedriver!(No symbol) [0x9c90e0]
	chromedriver!(No symbol) [0x9b96d3]
	chromedriver!(No symbol) [0x9b9405]
	chromedriver!(No symbol) [0x9b75d8]
	chromedriver!(No symbol) [0x9b7e26]
	chromedriver!(No symbol) [0x9c4acb]
	chromedriver!(No symbol) [0x9d65de]
	chromedriver!(No symbol) [0x9dc656]
	chromedriver!(No symbol) [0x9b84ac]
	chromedriver!(No symbol) [0x9d6337]
	chromedriver!(No symbol) [0xa53493]
	chromedriver!(No symbol) [0xa35406]
	chromedriver!(No symbol) [0xa08659]
	chromedriver!(No symbol) [0xa09424]
	chromedriver!GetHandleVerifier [0xe5ced6+2a7f16]
	chromedriver!GetHandleVerifier [0xe5847b+2a34bb]
	chromedriver!GetHandleVerifier [0xe794eb+2c452b]
	chromedriver!GetHandleVerifier [0xbdf566+2a5a6]
	chromedriver!GetHandleVerifier [0xbe620d+3124d]
	chromedriver!GetHandleVerifier [0xbce318+19358]
	chromedriver!GetHandleVerifier [0xbce4c5+19505]
	chromedriver!GetHandleVerifier [0xbb70af+20ef]
	KERNEL32!BaseThreadInitThunk [0x75bc5d49+19]
	ntdll!RtlInitializeExceptionChain [0x77a3e00b+6b]
	ntdll!RtlGetAppContainerNamedObjectPath [0x77a3df91+231]

2026-07-29 14:39:42 - INFO - __main__ - [9/20] Procesando https://www.booking.com/hotel/es/rincon-de-la-caleta.es.html
2026-07-29 14:39:42 - INFO - __main__ - Scrapeando establecimiento: https://www.booking.com/hotel/es/rincon-de-la-caleta.es.html
2026-07-29 14:40:37 - ERROR - __main__ - Timeout esperando elementos en https://www.booking.com/hotel/es/rincon-de-la-caleta.es.html: Message: timeout: Timed out receiving message from renderer: 30.000
  (Session info: chrome=150.0.7871.187)
Stacktrace:
	chromedriver!GetHandleVerifier [0xbc5843+10883]
	chromedriver!GetHandleVerifier [0xbc5884+108c4]
	chromedriver!(No symbol) [0x9c90e0]
	chromedriver!(No symbol) [0x9b96d3]
	chromedriver!(No symbol) [0x9b9405]
	chromedriver!(No symbol) [0x9b75d8]
	chromedriver!(No symbol) [0x9b7e26]
	chromedriver!(No symbol) [0x9c4acb]
	chromedriver!(No symbol) [0x9d65de]
	chromedriver!(No symbol) [0x9dc656]
	chromedriver!(No symbol) [0x9b84ac]
	chromedriver!(No symbol) [0x9d6337]
	chromedriver!(No symbol) [0xa530ba]
	chromedriver!(No symbol) [0xa35406]
	chromedriver!(No symbol) [0xa08659]
	chromedriver!(No symbol) [0xa09424]
	chromedriver!GetHandleVerifier [0xe5ced6+2a7f16]
	chromedriver!GetHandleVerifier [0xe5847b+2a34bb]
	chromedriver!GetHandleVerifier [0xe794eb+2c452b]
	chromedriver!GetHandleVerifier [0xbdf566+2a5a6]
	chromedriver!GetHandleVerifier [0xbe620d+3124d]
	chromedriver!GetHandleVerifier [0xbce318+19358]
	chromedriver!GetHandleVerifier [0xbce4c5+19505]
	chromedriver!GetHandleVerifier [0xbb70af+20ef]
	KERNEL32!BaseThreadInitThunk [0x75bc5d49+19]
	ntdll!RtlInitializeExceptionChain [0x77a3e00b+6b]
	ntdll!RtlGetAppContainerNamedObjectPath [0x77a3df91+231]

2026-07-29 14:40:39 - ERROR - __main__ - Error procesando https://www.booking.com/hotel/es/rincon-de-la-caleta.es.html: Message: timeout: Timed out receiving message from renderer: 30.000
  (Session info: chrome=150.0.7871.187)
Stacktrace:
	chromedriver!GetHandleVerifier [0xbc5843+10883]
	chromedriver!GetHandleVerifier [0xbc5884+108c4]
	chromedriver!(No symbol) [0x9c90e0]
	chromedriver!(No symbol) [0x9b96d3]
	chromedriver!(No symbol) [0x9b9405]
	chromedriver!(No symbol) [0x9b75d8]
	chromedriver!(No symbol) [0x9b7e26]
	chromedriver!(No symbol) [0x9c4acb]
	chromedriver!(No symbol) [0x9d65de]
	chromedriver!(No symbol) [0x9dc656]
	chromedriver!(No symbol) [0x9b84ac]
	chromedriver!(No symbol) [0x9d6337]
	chromedriver!(No symbol) [0xa530ba]
	chromedriver!(No symbol) [0xa35406]
	chromedriver!(No symbol) [0xa08659]
	chromedriver!(No symbol) [0xa09424]
	chromedriver!GetHandleVerifier [0xe5ced6+2a7f16]
	chromedriver!GetHandleVerifier [0xe5847b+2a34bb]
	chromedriver!GetHandleVerifier [0xe794eb+2c452b]
	chromedriver!GetHandleVerifier [0xbdf566+2a5a6]
	chromedriver!GetHandleVerifier [0xbe620d+3124d]
	chromedriver!GetHandleVerifier [0xbce318+19358]
	chromedriver!GetHandleVerifier [0xbce4c5+19505]
	chromedriver!GetHandleVerifier [0xbb70af+20ef]
	KERNEL32!BaseThreadInitThunk [0x75bc5d49+19]
	ntdll!RtlInitializeExceptionChain [0x77a3e00b+6b]
	ntdll!RtlGetAppContainerNamedObjectPath [0x77a3df91+231]

2026-07-29 14:40:39 - INFO - __main__ - [10/20] Procesando https://www.booking.com/hotel/es/grifeu-131-apartamento-duplex-con-2-terrazas.es.html
2026-07-29 14:40:39 - INFO - __main__ - Scrapeando establecimiento: https://www.booking.com/hotel/es/grifeu-131-apartamento-duplex-con-2-terrazas.es.html
2026-07-29 14:41:39 - ERROR - __main__ - Timeout esperando elementos en https://www.booking.com/hotel/es/grifeu-131-apartamento-duplex-con-2-terrazas.es.html: Message: timeout: Timed out receiving message from renderer: 30.000
  (Session info: chrome=150.0.7871.187)
Stacktrace:
	chromedriver!GetHandleVerifier [0xbc5843+10883]
	chromedriver!GetHandleVerifier [0xbc5884+108c4]
	chromedriver!(No symbol) [0x9c90e0]
	chromedriver!(No symbol) [0x9b96d3]
	chromedriver!(No symbol) [0x9b9405]
	chromedriver!(No symbol) [0x9b75d8]
	chromedriver!(No symbol) [0x9b7e26]
	chromedriver!(No symbol) [0x9c4acb]
	chromedriver!(No symbol) [0x9d65de]
	chromedriver!(No symbol) [0x9dc656]
	chromedriver!(No symbol) [0x9b84ac]
	chromedriver!(No symbol) [0x9d6337]
	chromedriver!(No symbol) [0xa530ba]
	chromedriver!(No symbol) [0xa35406]
	chromedriver!(No symbol) [0xa08659]
	chromedriver!(No symbol) [0xa09424]
	chromedriver!GetHandleVerifier [0xe5ced6+2a7f16]
	chromedriver!GetHandleVerifier [0xe5847b+2a34bb]
	chromedriver!GetHandleVerifier [0xe794eb+2c452b]
	chromedriver!GetHandleVerifier [0xbdf566+2a5a6]
	chromedriver!GetHandleVerifier [0xbe620d+3124d]
	chromedriver!GetHandleVerifier [0xbce318+19358]
	chromedriver!GetHandleVerifier [0xbce4c5+19505]
	chromedriver!GetHandleVerifier [0xbb70af+20ef]
	KERNEL32!BaseThreadInitThunk [0x75bc5d49+19]
	ntdll!RtlInitializeExceptionChain [0x77a3e00b+6b]
	ntdll!RtlGetAppContainerNamedObjectPath [0x77a3df91+231]

2026-07-29 14:41:41 - ERROR - __main__ - Error procesando https://www.booking.com/hotel/es/grifeu-131-apartamento-duplex-con-2-terrazas.es.html: Message: timeout: Timed out receiving message from renderer: 30.000
  (Session info: chrome=150.0.7871.187)
Stacktrace:
	chromedriver!GetHandleVerifier [0xbc5843+10883]
	chromedriver!GetHandleVerifier [0xbc5884+108c4]
	chromedriver!(No symbol) [0x9c90e0]
	chromedriver!(No symbol) [0x9b96d3]
	chromedriver!(No symbol) [0x9b9405]
	chromedriver!(No symbol) [0x9b75d8]
	chromedriver!(No symbol) [0x9b7e26]
	chromedriver!(No symbol) [0x9c4acb]
	chromedriver!(No symbol) [0x9d65de]
	chromedriver!(No symbol) [0x9dc656]
	chromedriver!(No symbol) [0x9b84ac]
	chromedriver!(No symbol) [0x9d6337]
	chromedriver!(No symbol) [0xa530ba]
	chromedriver!(No symbol) [0xa35406]
	chromedriver!(No symbol) [0xa08659]
	chromedriver!(No symbol) [0xa09424]
	chromedriver!GetHandleVerifier [0xe5ced6+2a7f16]
	chromedriver!GetHandleVerifier [0xe5847b+2a34bb]
	chromedriver!GetHandleVerifier [0xe794eb+2c452b]
	chromedriver!GetHandleVerifier [0xbdf566+2a5a6]
	chromedriver!GetHandleVerifier [0xbe620d+3124d]
	chromedriver!GetHandleVerifier [0xbce318+19358]
	chromedriver!GetHandleVerifier [0xbce4c5+19505]
	chromedriver!GetHandleVerifier [0xbb70af+20ef]
	KERNEL32!BaseThreadInitThunk [0x75bc5d49+19]
	ntdll!RtlInitializeExceptionChain [0x77a3e00b+6b]
	ntdll!RtlGetAppContainerNamedObjectPath [0x77a3df91+231]

2026-07-29 14:41:41 - INFO - __main__ - [11/20] Procesando https://www.booking.com/hotel/es/amarilla-beach-apartment.es.html
2026-07-29 14:41:41 - INFO - __main__ - Scrapeando establecimiento: https://www.booking.com/hotel/es/amarilla-beach-apartment.es.html
2026-07-29 14:42:46 - ERROR - __main__ - Timeout esperando elementos en https://www.booking.com/hotel/es/amarilla-beach-apartment.es.html: Message: timeout: Timed out receiving message from renderer: 30.000
  (Session info: chrome=150.0.7871.187)
Stacktrace:
	chromedriver!GetHandleVerifier [0xbc5843+10883]
	chromedriver!GetHandleVerifier [0xbc5884+108c4]
	chromedriver!(No symbol) [0x9c90e0]
	chromedriver!(No symbol) [0x9b96d3]
	chromedriver!(No symbol) [0x9b9405]
	chromedriver!(No symbol) [0x9b75d8]
	chromedriver!(No symbol) [0x9b7e26]
	chromedriver!(No symbol) [0x9c4acb]
	chromedriver!(No symbol) [0x9d65de]
	chromedriver!(No symbol) [0x9dc656]
	chromedriver!(No symbol) [0x9b84ac]
	chromedriver!(No symbol) [0x9d6337]
	chromedriver!(No symbol) [0xa530ba]
	chromedriver!(No symbol) [0xa35406]
	chromedriver!(No symbol) [0xa08659]
	chromedriver!(No symbol) [0xa09424]
	chromedriver!GetHandleVerifier [0xe5ced6+2a7f16]
	chromedriver!GetHandleVerifier [0xe5847b+2a34bb]
	chromedriver!GetHandleVerifier [0xe794eb+2c452b]
	chromedriver!GetHandleVerifier [0xbdf566+2a5a6]
	chromedriver!GetHandleVerifier [0xbe620d+3124d]
	chromedriver!GetHandleVerifier [0xbce318+19358]
	chromedriver!GetHandleVerifier [0xbce4c5+19505]
	chromedriver!GetHandleVerifier [0xbb70af+20ef]
	KERNEL32!BaseThreadInitThunk [0x75bc5d49+19]
	ntdll!RtlInitializeExceptionChain [0x77a3e00b+6b]
	ntdll!RtlGetAppContainerNamedObjectPath [0x77a3df91+231]

2026-07-29 14:42:48 - ERROR - __main__ - Error procesando https://www.booking.com/hotel/es/amarilla-beach-apartment.es.html: Message: timeout: Timed out receiving message from renderer: 30.000
  (Session info: chrome=150.0.7871.187)
Stacktrace:
	chromedriver!GetHandleVerifier [0xbc5843+10883]
	chromedriver!GetHandleVerifier [0xbc5884+108c4]
	chromedriver!(No symbol) [0x9c90e0]
	chromedriver!(No symbol) [0x9b96d3]
	chromedriver!(No symbol) [0x9b9405]
	chromedriver!(No symbol) [0x9b75d8]
	chromedriver!(No symbol) [0x9b7e26]
	chromedriver!(No symbol) [0x9c4acb]
	chromedriver!(No symbol) [0x9d65de]
	chromedriver!(No symbol) [0x9dc656]
	chromedriver!(No symbol) [0x9b84ac]
	chromedriver!(No symbol) [0x9d6337]
	chromedriver!(No symbol) [0xa530ba]
	chromedriver!(No symbol) [0xa35406]
	chromedriver!(No symbol) [0xa08659]
	chromedriver!(No symbol) [0xa09424]
	chromedriver!GetHandleVerifier [0xe5ced6+2a7f16]
	chromedriver!GetHandleVerifier [0xe5847b+2a34bb]
	chromedriver!GetHandleVerifier [0xe794eb+2c452b]
	chromedriver!GetHandleVerifier [0xbdf566+2a5a6]
	chromedriver!GetHandleVerifier [0xbe620d+3124d]
	chromedriver!GetHandleVerifier [0xbce318+19358]
	chromedriver!GetHandleVerifier [0xbce4c5+19505]
	chromedriver!GetHandleVerifier [0xbb70af+20ef]
	KERNEL32!BaseThreadInitThunk [0x75bc5d49+19]
	ntdll!RtlInitializeExceptionChain [0x77a3e00b+6b]
	ntdll!RtlGetAppContainerNamedObjectPath [0x77a3df91+231]

2026-07-29 14:42:48 - INFO - __main__ - [12/20] Procesando https://www.booking.com/hotel/es/casa-rural-con-piscina-el-huerto-del-olivo-plasezuela-trujillo-caceres.es.html
2026-07-29 14:42:48 - INFO - __main__ - Scrapeando establecimiento: https://www.booking.com/hotel/es/casa-rural-con-piscina-el-huerto-del-olivo-plasezuela-trujillo-caceres.es.html
2026-07-29 14:43:46 - ERROR - __main__ - Timeout esperando elementos en https://www.booking.com/hotel/es/casa-rural-con-piscina-el-huerto-del-olivo-plasezuela-trujillo-caceres.es.html: Message: timeout: Timed out receiving message from renderer: 30.000
  (Session info: chrome=150.0.7871.187)
Stacktrace:
	chromedriver!GetHandleVerifier [0xbc5843+10883]
	chromedriver!GetHandleVerifier [0xbc5884+108c4]
	chromedriver!(No symbol) [0x9c90e0]
	chromedriver!(No symbol) [0x9b96d3]
	chromedriver!(No symbol) [0x9b9405]
	chromedriver!(No symbol) [0x9b75d8]
	chromedriver!(No symbol) [0x9b7e26]
	chromedriver!(No symbol) [0x9c4acb]
	chromedriver!(No symbol) [0x9d65de]
	chromedriver!(No symbol) [0x9dc656]
	chromedriver!(No symbol) [0x9b84ac]
	chromedriver!(No symbol) [0x9d6337]
	chromedriver!(No symbol) [0xa530ba]
	chromedriver!(No symbol) [0xa35406]
	chromedriver!(No symbol) [0xa08659]
	chromedriver!(No symbol) [0xa09424]
	chromedriver!GetHandleVerifier [0xe5ced6+2a7f16]
	chromedriver!GetHandleVerifier [0xe5847b+2a34bb]
	chromedriver!GetHandleVerifier [0xe794eb+2c452b]
	chromedriver!GetHandleVerifier [0xbdf566+2a5a6]
	chromedriver!GetHandleVerifier [0xbe620d+3124d]
	chromedriver!GetHandleVerifier [0xbce318+19358]
	chromedriver!GetHandleVerifier [0xbce4c5+19505]
	chromedriver!GetHandleVerifier [0xbb70af+20ef]
	KERNEL32!BaseThreadInitThunk [0x75bc5d49+19]
	ntdll!RtlInitializeExceptionChain [0x77a3e00b+6b]
	ntdll!RtlGetAppContainerNamedObjectPath [0x77a3df91+231]

2026-07-29 14:43:48 - ERROR - __main__ - Error procesando https://www.booking.com/hotel/es/casa-rural-con-piscina-el-huerto-del-olivo-plasezuela-trujillo-caceres.es.html: Message: timeout: Timed out receiving message from renderer: 30.000
  (Session info: chrome=150.0.7871.187)
Stacktrace:
	chromedriver!GetHandleVerifier [0xbc5843+10883]
	chromedriver!GetHandleVerifier [0xbc5884+108c4]
	chromedriver!(No symbol) [0x9c90e0]
	chromedriver!(No symbol) [0x9b96d3]
	chromedriver!(No symbol) [0x9b9405]
	chromedriver!(No symbol) [0x9b75d8]
	chromedriver!(No symbol) [0x9b7e26]
	chromedriver!(No symbol) [0x9c4acb]
	chromedriver!(No symbol) [0x9d65de]
	chromedriver!(No symbol) [0x9dc656]
	chromedriver!(No symbol) [0x9b84ac]
	chromedriver!(No symbol) [0x9d6337]
	chromedriver!(No symbol) [0xa530ba]
	chromedriver!(No symbol) [0xa35406]
	chromedriver!(No symbol) [0xa08659]
	chromedriver!(No symbol) [0xa09424]
	chromedriver!GetHandleVerifier [0xe5ced6+2a7f16]
	chromedriver!GetHandleVerifier [0xe5847b+2a34bb]
	chromedriver!GetHandleVerifier [0xe794eb+2c452b]
	chromedriver!GetHandleVerifier [0xbdf566+2a5a6]
	chromedriver!GetHandleVerifier [0xbe620d+3124d]
	chromedriver!GetHandleVerifier [0xbce318+19358]
	chromedriver!GetHandleVerifier [0xbce4c5+19505]
	chromedriver!GetHandleVerifier [0xbb70af+20ef]
	KERNEL32!BaseThreadInitThunk [0x75bc5d49+19]
	ntdll!RtlInitializeExceptionChain [0x77a3e00b+6b]
	ntdll!RtlGetAppContainerNamedObjectPath [0x77a3df91+231]

2026-07-29 14:43:48 - INFO - __main__ - [13/20] Procesando https://www.booking.com/hotel/es/apartamento-sami-vista-al-mar-y-piscina.es.html
2026-07-29 14:43:48 - INFO - __main__ - Scrapeando establecimiento: https://www.booking.com/hotel/es/apartamento-sami-vista-al-mar-y-piscina.es.html
2026-07-29 14:44:30 - ERROR - __main__ - Timeout esperando elementos en https://www.booking.com/hotel/es/apartamento-sami-vista-al-mar-y-piscina.es.html: Message: timeout: Timed out receiving message from renderer: 29.481
  (Session info: chrome=150.0.7871.187)
Stacktrace:
	chromedriver!GetHandleVerifier [0xbc5843+10883]
	chromedriver!GetHandleVerifier [0xbc5884+108c4]
	chromedriver!(No symbol) [0x9c90e0]
	chromedriver!(No symbol) [0x9b96d3]
	chromedriver!(No symbol) [0x9b9405]
	chromedriver!(No symbol) [0x9b75d8]
	chromedriver!(No symbol) [0x9b7e26]
	chromedriver!(No symbol) [0x9c4acb]
	chromedriver!(No symbol) [0x9d65de]
	chromedriver!(No symbol) [0x9dc656]
	chromedriver!(No symbol) [0x9b84ac]
	chromedriver!(No symbol) [0x9d6337]
	chromedriver!(No symbol) [0xa53493]
	chromedriver!(No symbol) [0xa35406]
	chromedriver!(No symbol) [0xa08659]
	chromedriver!(No symbol) [0xa09424]
	chromedriver!GetHandleVerifier [0xe5ced6+2a7f16]
	chromedriver!GetHandleVerifier [0xe5847b+2a34bb]
	chromedriver!GetHandleVerifier [0xe794eb+2c452b]
	chromedriver!GetHandleVerifier [0xbdf566+2a5a6]
	chromedriver!GetHandleVerifier [0xbe620d+3124d]
	chromedriver!GetHandleVerifier [0xbce318+19358]
	chromedriver!GetHandleVerifier [0xbce4c5+19505]
	chromedriver!GetHandleVerifier [0xbb70af+20ef]
	KERNEL32!BaseThreadInitThunk [0x75bc5d49+19]
	ntdll!RtlInitializeExceptionChain [0x77a3e00b+6b]
	ntdll!RtlGetAppContainerNamedObjectPath [0x77a3df91+231]

2026-07-29 14:44:32 - ERROR - __main__ - Error procesando https://www.booking.com/hotel/es/apartamento-sami-vista-al-mar-y-piscina.es.html: Message: timeout: Timed out receiving message from renderer: 29.481
  (Session info: chrome=150.0.7871.187)
Stacktrace:
	chromedriver!GetHandleVerifier [0xbc5843+10883]
	chromedriver!GetHandleVerifier [0xbc5884+108c4]
	chromedriver!(No symbol) [0x9c90e0]
	chromedriver!(No symbol) [0x9b96d3]
	chromedriver!(No symbol) [0x9b9405]
	chromedriver!(No symbol) [0x9b75d8]
	chromedriver!(No symbol) [0x9b7e26]
	chromedriver!(No symbol) [0x9c4acb]
	chromedriver!(No symbol) [0x9d65de]
	chromedriver!(No symbol) [0x9dc656]
	chromedriver!(No symbol) [0x9b84ac]
	chromedriver!(No symbol) [0x9d6337]
	chromedriver!(No symbol) [0xa53493]
	chromedriver!(No symbol) [0xa35406]
	chromedriver!(No symbol) [0xa08659]
	chromedriver!(No symbol) [0xa09424]
	chromedriver!GetHandleVerifier [0xe5ced6+2a7f16]
	chromedriver!GetHandleVerifier [0xe5847b+2a34bb]
	chromedriver!GetHandleVerifier [0xe794eb+2c452b]
	chromedriver!GetHandleVerifier [0xbdf566+2a5a6]
	chromedriver!GetHandleVerifier [0xbe620d+3124d]
	chromedriver!GetHandleVerifier [0xbce318+19358]
	chromedriver!GetHandleVerifier [0xbce4c5+19505]
	chromedriver!GetHandleVerifier [0xbb70af+20ef]
	KERNEL32!BaseThreadInitThunk [0x75bc5d49+19]
	ntdll!RtlInitializeExceptionChain [0x77a3e00b+6b]
	ntdll!RtlGetAppContainerNamedObjectPath [0x77a3df91+231]

2026-07-29 14:44:32 - INFO - __main__ - [14/20] Procesando https://www.booking.com/hotel/es/las-canteras-ocean-view-las-palmas-de-gran-canaria.es.html
2026-07-29 14:44:32 - INFO - __main__ - Scrapeando establecimiento: https://www.booking.com/hotel/es/las-canteras-ocean-view-las-palmas-de-gran-canaria.es.html
2026-07-29 14:45:28 - ERROR - __main__ - Timeout esperando elementos en https://www.booking.com/hotel/es/las-canteras-ocean-view-las-palmas-de-gran-canaria.es.html: Message: timeout: Timed out receiving message from renderer: 30.000
  (Session info: chrome=150.0.7871.187)
Stacktrace:
	chromedriver!GetHandleVerifier [0xbc5843+10883]
	chromedriver!GetHandleVerifier [0xbc5884+108c4]
	chromedriver!(No symbol) [0x9c90e0]
	chromedriver!(No symbol) [0x9b96d3]
	chromedriver!(No symbol) [0x9b9405]
	chromedriver!(No symbol) [0x9b75d8]
	chromedriver!(No symbol) [0x9b7e26]
	chromedriver!(No symbol) [0x9c4acb]
	chromedriver!(No symbol) [0x9d65de]
	chromedriver!(No symbol) [0x9dc656]
	chromedriver!(No symbol) [0x9b84ac]
	chromedriver!(No symbol) [0x9d6337]
	chromedriver!(No symbol) [0xa530ba]
	chromedriver!(No symbol) [0xa35406]
	chromedriver!(No symbol) [0xa08659]
	chromedriver!(No symbol) [0xa09424]
	chromedriver!GetHandleVerifier [0xe5ced6+2a7f16]
	chromedriver!GetHandleVerifier [0xe5847b+2a34bb]
	chromedriver!GetHandleVerifier [0xe794eb+2c452b]
	chromedriver!GetHandleVerifier [0xbdf566+2a5a6]
	chromedriver!GetHandleVerifier [0xbe620d+3124d]
	chromedriver!GetHandleVerifier [0xbce318+19358]
	chromedriver!GetHandleVerifier [0xbce4c5+19505]
	chromedriver!GetHandleVerifier [0xbb70af+20ef]
	KERNEL32!BaseThreadInitThunk [0x75bc5d49+19]
	ntdll!RtlInitializeExceptionChain [0x77a3e00b+6b]
	ntdll!RtlGetAppContainerNamedObjectPath [0x77a3df91+231]

2026-07-29 14:45:30 - ERROR - __main__ - Error procesando https://www.booking.com/hotel/es/las-canteras-ocean-view-las-palmas-de-gran-canaria.es.html: Message: timeout: Timed out receiving message from renderer: 30.000
  (Session info: chrome=150.0.7871.187)
Stacktrace:
	chromedriver!GetHandleVerifier [0xbc5843+10883]
	chromedriver!GetHandleVerifier [0xbc5884+108c4]
	chromedriver!(No symbol) [0x9c90e0]
	chromedriver!(No symbol) [0x9b96d3]
	chromedriver!(No symbol) [0x9b9405]
	chromedriver!(No symbol) [0x9b75d8]
	chromedriver!(No symbol) [0x9b7e26]
	chromedriver!(No symbol) [0x9c4acb]
	chromedriver!(No symbol) [0x9d65de]
	chromedriver!(No symbol) [0x9dc656]
	chromedriver!(No symbol) [0x9b84ac]
	chromedriver!(No symbol) [0x9d6337]
	chromedriver!(No symbol) [0xa530ba]
	chromedriver!(No symbol) [0xa35406]
	chromedriver!(No symbol) [0xa08659]
	chromedriver!(No symbol) [0xa09424]
	chromedriver!GetHandleVerifier [0xe5ced6+2a7f16]
	chromedriver!GetHandleVerifier [0xe5847b+2a34bb]
	chromedriver!GetHandleVerifier [0xe794eb+2c452b]
	chromedriver!GetHandleVerifier [0xbdf566+2a5a6]
	chromedriver!GetHandleVerifier [0xbe620d+3124d]
	chromedriver!GetHandleVerifier [0xbce318+19358]
	chromedriver!GetHandleVerifier [0xbce4c5+19505]
	chromedriver!GetHandleVerifier [0xbb70af+20ef]
	KERNEL32!BaseThreadInitThunk [0x75bc5d49+19]
	ntdll!RtlInitializeExceptionChain [0x77a3e00b+6b]
	ntdll!RtlGetAppContainerNamedObjectPath [0x77a3df91+231]

2026-07-29 14:45:30 - INFO - __main__ - [15/20] Procesando https://www.booking.com/hotel/es/apure-apartment-downtown-la-laguna.es.html
2026-07-29 14:45:30 - INFO - __main__ - Scrapeando establecimiento: https://www.booking.com/hotel/es/apure-apartment-downtown-la-laguna.es.html
2026-07-29 17:33:01 - INFO - __main__ - === Iniciando scraper de Booking.com ===
2026-07-29 17:33:01 - INFO - __main__ - Usando caché de descubrimiento: C:\Users\jcabr\AI_Dashboard_Core\ingestion\scraping\sitemap_discovery_cache.json
2026-07-29 17:33:01 - INFO - __main__ - [1/20] Procesando https://www.booking.com/hotel/es/castle-harbour-sun-amp-fun.es.html
2026-07-29 17:33:01 - INFO - __main__ - Scrapeando establecimiento: https://www.booking.com/hotel/es/castle-harbour-sun-amp-fun.es.html
2026-07-29 17:33:26 - INFO - __main__ -   Banner de cookies cerrado.
2026-07-29 17:33:31 - INFO - __main__ -   Banner de cookies cerrado.
2026-07-29 17:33:40 - INFO - __main__ -   Página 1: 10 reseñas (10 acumuladas)
2026-07-29 17:33:49 - INFO - __main__ -   Página 2: 6 reseñas (16 acumuladas)
2026-07-29 17:33:54 - INFO - __main__ - Guardado completo: 1 establecimientos, 15 reseñas.
2026-07-29 17:34:00 - INFO - __main__ - [2/20] Procesando https://www.booking.com/hotel/es/apartment-overlooking-los-gigantes.es.html
2026-07-29 17:34:00 - INFO - __main__ - Scrapeando establecimiento: https://www.booking.com/hotel/es/apartment-overlooking-los-gigantes.es.html
2026-07-29 17:34:49 - INFO - __main__ -   Banner de cookies cerrado.
2026-07-29 17:34:52 - INFO - __main__ -   Reintentando solo con código postal + ciudad: '38683 Santiago del Teide, España'
2026-07-29 17:34:56 - INFO - __main__ -   Banner de cookies cerrado.
2026-07-29 17:35:05 - INFO - __main__ -   Página 1: 1 reseñas (1 acumuladas)
2026-07-29 17:35:05 - INFO - __main__ -   No hay más páginas de reseñas.
2026-07-29 17:35:09 - INFO - __main__ - Guardado completo: 1 establecimientos, 1 reseñas.
2026-07-29 17:35:15 - INFO - __main__ - [3/20] Procesando https://www.booking.com/hotel/es/casa-tipo-cueva-toda-una-experiencia-en-artola-marbella-con-toques-dorados-y-pis.es.html
2026-07-29 17:35:15 - INFO - __main__ - Scrapeando establecimiento: https://www.booking.com/hotel/es/casa-tipo-cueva-toda-una-experiencia-en-artola-marbella-con-toques-dorados-y-pis.es.html
2026-07-29 17:35:50 - INFO - __main__ -   Banner de cookies cerrado.
2026-07-29 17:35:53 - WARNING - __main__ -   Descartado (no es Tenerife): 'Modern townhouse with private heated pool near Cabopino beach in Artola, Marbella' (https://www.booking.com/hotel/es/casa-tipo-cueva-toda-una-experiencia-en-artola-marbella-con-toques-dorados-y-pis.es.html) no está en Tenerife según el breadcrumb — descartado.
2026-07-29 17:35:56 - INFO - __main__ - [4/20] Procesando https://www.booking.com/hotel/es/new-finca-panorama-stunning-5-bedroom-with-pool.es.html
2026-07-29 17:35:56 - INFO - __main__ - Scrapeando establecimiento: https://www.booking.com/hotel/es/new-finca-panorama-stunning-5-bedroom-with-pool.es.html
2026-07-29 17:36:46 - ERROR - __main__ - Timeout esperando elementos en https://www.booking.com/hotel/es/new-finca-panorama-stunning-5-bedroom-with-pool.es.html: Message: timeout: Timed out receiving message from renderer: 30.000
  (Session info: chrome=150.0.7871.187)
Stacktrace:
	chromedriver!GetHandleVerifier [0x5d5843+10883]
	chromedriver!GetHandleVerifier [0x5d5884+108c4]
	chromedriver!(No symbol) [0x3d90e0]
	chromedriver!(No symbol) [0x3c96d3]
	chromedriver!(No symbol) [0x3c9405]
	chromedriver!(No symbol) [0x3c75d8]
	chromedriver!(No symbol) [0x3c7e26]
	chromedriver!(No symbol) [0x3d4acb]
	chromedriver!(No symbol) [0x3e65de]
	chromedriver!(No symbol) [0x3ec656]
	chromedriver!(No symbol) [0x3c84ac]
	chromedriver!(No symbol) [0x3e6337]
	chromedriver!(No symbol) [0x4630ba]
	chromedriver!(No symbol) [0x445406]
	chromedriver!(No symbol) [0x418659]
	chromedriver!(No symbol) [0x419424]
	chromedriver!GetHandleVerifier [0x86ced6+2a7f16]
	chromedriver!GetHandleVerifier [0x86847b+2a34bb]
	chromedriver!GetHandleVerifier [0x8894eb+2c452b]
	chromedriver!GetHandleVerifier [0x5ef566+2a5a6]
	chromedriver!GetHandleVerifier [0x5f620d+3124d]
	chromedriver!GetHandleVerifier [0x5de318+19358]
	chromedriver!GetHandleVerifier [0x5de4c5+19505]
	chromedriver!GetHandleVerifier [0x5c70af+20ef]
	KERNEL32!BaseThreadInitThunk [0x75bc5d49+19]
	ntdll!RtlInitializeExceptionChain [0x77a3e00b+6b]
	ntdll!RtlGetAppContainerNamedObjectPath [0x77a3df91+231]

2026-07-29 17:36:48 - ERROR - __main__ - Error procesando https://www.booking.com/hotel/es/new-finca-panorama-stunning-5-bedroom-with-pool.es.html: Message: timeout: Timed out receiving message from renderer: 30.000
  (Session info: chrome=150.0.7871.187)
Stacktrace:
	chromedriver!GetHandleVerifier [0x5d5843+10883]
	chromedriver!GetHandleVerifier [0x5d5884+108c4]
	chromedriver!(No symbol) [0x3d90e0]
	chromedriver!(No symbol) [0x3c96d3]
	chromedriver!(No symbol) [0x3c9405]
	chromedriver!(No symbol) [0x3c75d8]
	chromedriver!(No symbol) [0x3c7e26]
	chromedriver!(No symbol) [0x3d4acb]
	chromedriver!(No symbol) [0x3e65de]
	chromedriver!(No symbol) [0x3ec656]
	chromedriver!(No symbol) [0x3c84ac]
	chromedriver!(No symbol) [0x3e6337]
	chromedriver!(No symbol) [0x4630ba]
	chromedriver!(No symbol) [0x445406]
	chromedriver!(No symbol) [0x418659]
	chromedriver!(No symbol) [0x419424]
	chromedriver!GetHandleVerifier [0x86ced6+2a7f16]
	chromedriver!GetHandleVerifier [0x86847b+2a34bb]
	chromedriver!GetHandleVerifier [0x8894eb+2c452b]
	chromedriver!GetHandleVerifier [0x5ef566+2a5a6]
	chromedriver!GetHandleVerifier [0x5f620d+3124d]
	chromedriver!GetHandleVerifier [0x5de318+19358]
	chromedriver!GetHandleVerifier [0x5de4c5+19505]
	chromedriver!GetHandleVerifier [0x5c70af+20ef]
	KERNEL32!BaseThreadInitThunk [0x75bc5d49+19]
	ntdll!RtlInitializeExceptionChain [0x77a3e00b+6b]
	ntdll!RtlGetAppContainerNamedObjectPath [0x77a3df91+231]

2026-07-29 17:36:48 - INFO - __main__ - [5/20] Procesando https://www.booking.com/hotel/es/happy-place-arona.es.html
2026-07-29 17:36:48 - INFO - __main__ - Scrapeando establecimiento: https://www.booking.com/hotel/es/happy-place-arona.es.html
2026-07-29 17:37:35 - ERROR - __main__ - Timeout esperando elementos en https://www.booking.com/hotel/es/happy-place-arona.es.html: Message: timeout: Timed out receiving message from renderer: 30.000
  (Session info: chrome=150.0.7871.187)
Stacktrace:
	chromedriver!GetHandleVerifier [0x5d5843+10883]
	chromedriver!GetHandleVerifier [0x5d5884+108c4]
	chromedriver!(No symbol) [0x3d90e0]
	chromedriver!(No symbol) [0x3c96d3]
	chromedriver!(No symbol) [0x3c9405]
	chromedriver!(No symbol) [0x3c75d8]
	chromedriver!(No symbol) [0x3c7e26]
	chromedriver!(No symbol) [0x3d4acb]
	chromedriver!(No symbol) [0x3e65de]
	chromedriver!(No symbol) [0x3ec656]
	chromedriver!(No symbol) [0x3c84ac]
	chromedriver!(No symbol) [0x3e6337]
	chromedriver!(No symbol) [0x4630ba]
	chromedriver!(No symbol) [0x445406]
	chromedriver!(No symbol) [0x418659]
	chromedriver!(No symbol) [0x419424]
	chromedriver!GetHandleVerifier [0x86ced6+2a7f16]
	chromedriver!GetHandleVerifier [0x86847b+2a34bb]
	chromedriver!GetHandleVerifier [0x8894eb+2c452b]
	chromedriver!GetHandleVerifier [0x5ef566+2a5a6]
	chromedriver!GetHandleVerifier [0x5f620d+3124d]
	chromedriver!GetHandleVerifier [0x5de318+19358]
	chromedriver!GetHandleVerifier [0x5de4c5+19505]
	chromedriver!GetHandleVerifier [0x5c70af+20ef]
	KERNEL32!BaseThreadInitThunk [0x75bc5d49+19]
	ntdll!RtlInitializeExceptionChain [0x77a3e00b+6b]
	ntdll!RtlGetAppContainerNamedObjectPath [0x77a3df91+231]

2026-07-29 17:37:38 - ERROR - __main__ - Error procesando https://www.booking.com/hotel/es/happy-place-arona.es.html: Message: timeout: Timed out receiving message from renderer: 30.000
  (Session info: chrome=150.0.7871.187)
Stacktrace:
	chromedriver!GetHandleVerifier [0x5d5843+10883]
	chromedriver!GetHandleVerifier [0x5d5884+108c4]
	chromedriver!(No symbol) [0x3d90e0]
	chromedriver!(No symbol) [0x3c96d3]
	chromedriver!(No symbol) [0x3c9405]
	chromedriver!(No symbol) [0x3c75d8]
	chromedriver!(No symbol) [0x3c7e26]
	chromedriver!(No symbol) [0x3d4acb]
	chromedriver!(No symbol) [0x3e65de]
	chromedriver!(No symbol) [0x3ec656]
	chromedriver!(No symbol) [0x3c84ac]
	chromedriver!(No symbol) [0x3e6337]
	chromedriver!(No symbol) [0x4630ba]
	chromedriver!(No symbol) [0x445406]
	chromedriver!(No symbol) [0x418659]
	chromedriver!(No symbol) [0x419424]
	chromedriver!GetHandleVerifier [0x86ced6+2a7f16]
	chromedriver!GetHandleVerifier [0x86847b+2a34bb]
	chromedriver!GetHandleVerifier [0x8894eb+2c452b]
	chromedriver!GetHandleVerifier [0x5ef566+2a5a6]
	chromedriver!GetHandleVerifier [0x5f620d+3124d]
	chromedriver!GetHandleVerifier [0x5de318+19358]
	chromedriver!GetHandleVerifier [0x5de4c5+19505]
	chromedriver!GetHandleVerifier [0x5c70af+20ef]
	KERNEL32!BaseThreadInitThunk [0x75bc5d49+19]
	ntdll!RtlInitializeExceptionChain [0x77a3e00b+6b]
	ntdll!RtlGetAppContainerNamedObjectPath [0x77a3df91+231]

2026-07-29 17:37:38 - INFO - __main__ - [6/20] Procesando https://www.booking.com/hotel/es/villa-lalola-con-piscina-climatizada.es.html
2026-07-29 17:37:38 - INFO - __main__ - Scrapeando establecimiento: https://www.booking.com/hotel/es/villa-lalola-con-piscina-climatizada.es.html
2026-07-29 17:38:22 - ERROR - __main__ - Timeout esperando elementos en https://www.booking.com/hotel/es/villa-lalola-con-piscina-climatizada.es.html: Message: timeout: Timed out receiving message from renderer: 30.000
  (Session info: chrome=150.0.7871.187)
Stacktrace:
	chromedriver!GetHandleVerifier [0x5d5843+10883]
	chromedriver!GetHandleVerifier [0x5d5884+108c4]
	chromedriver!(No symbol) [0x3d90e0]
	chromedriver!(No symbol) [0x3c96d3]
	chromedriver!(No symbol) [0x3c9405]
	chromedriver!(No symbol) [0x3c75d8]
	chromedriver!(No symbol) [0x3c7e26]
	chromedriver!(No symbol) [0x3d4acb]
	chromedriver!(No symbol) [0x3e65de]
	chromedriver!(No symbol) [0x3ec656]
	chromedriver!(No symbol) [0x3c84ac]
	chromedriver!(No symbol) [0x3e6337]
	chromedriver!(No symbol) [0x4630ba]
	chromedriver!(No symbol) [0x445406]
	chromedriver!(No symbol) [0x418659]
	chromedriver!(No symbol) [0x419424]
	chromedriver!GetHandleVerifier [0x86ced6+2a7f16]
	chromedriver!GetHandleVerifier [0x86847b+2a34bb]
	chromedriver!GetHandleVerifier [0x8894eb+2c452b]
	chromedriver!GetHandleVerifier [0x5ef566+2a5a6]
	chromedriver!GetHandleVerifier [0x5f620d+3124d]
	chromedriver!GetHandleVerifier [0x5de318+19358]
	chromedriver!GetHandleVerifier [0x5de4c5+19505]
	chromedriver!GetHandleVerifier [0x5c70af+20ef]
	KERNEL32!BaseThreadInitThunk [0x75bc5d49+19]
	ntdll!RtlInitializeExceptionChain [0x77a3e00b+6b]
	ntdll!RtlGetAppContainerNamedObjectPath [0x77a3df91+231]

2026-07-29 17:38:25 - ERROR - __main__ - Error procesando https://www.booking.com/hotel/es/villa-lalola-con-piscina-climatizada.es.html: Message: timeout: Timed out receiving message from renderer: 30.000
  (Session info: chrome=150.0.7871.187)
Stacktrace:
	chromedriver!GetHandleVerifier [0x5d5843+10883]
	chromedriver!GetHandleVerifier [0x5d5884+108c4]
	chromedriver!(No symbol) [0x3d90e0]
	chromedriver!(No symbol) [0x3c96d3]
	chromedriver!(No symbol) [0x3c9405]
	chromedriver!(No symbol) [0x3c75d8]
	chromedriver!(No symbol) [0x3c7e26]
	chromedriver!(No symbol) [0x3d4acb]
	chromedriver!(No symbol) [0x3e65de]
	chromedriver!(No symbol) [0x3ec656]
	chromedriver!(No symbol) [0x3c84ac]
	chromedriver!(No symbol) [0x3e6337]
	chromedriver!(No symbol) [0x4630ba]
	chromedriver!(No symbol) [0x445406]
	chromedriver!(No symbol) [0x418659]
	chromedriver!(No symbol) [0x419424]
	chromedriver!GetHandleVerifier [0x86ced6+2a7f16]
	chromedriver!GetHandleVerifier [0x86847b+2a34bb]
	chromedriver!GetHandleVerifier [0x8894eb+2c452b]
	chromedriver!GetHandleVerifier [0x5ef566+2a5a6]
	chromedriver!GetHandleVerifier [0x5f620d+3124d]
	chromedriver!GetHandleVerifier [0x5de318+19358]
	chromedriver!GetHandleVerifier [0x5de4c5+19505]
	chromedriver!GetHandleVerifier [0x5c70af+20ef]
	KERNEL32!BaseThreadInitThunk [0x75bc5d49+19]
	ntdll!RtlInitializeExceptionChain [0x77a3e00b+6b]
	ntdll!RtlGetAppContainerNamedObjectPath [0x77a3df91+231]

2026-07-29 17:38:25 - INFO - __main__ - [7/20] Procesando https://www.booking.com/hotel/es/waou-palacio-tenorio-santa-cruz-sevilla.es.html
2026-07-29 17:38:25 - INFO - __main__ - Scrapeando establecimiento: https://www.booking.com/hotel/es/waou-palacio-tenorio-santa-cruz-sevilla.es.html
2026-07-29 17:39:33 - INFO - __main__ -   Banner de cookies cerrado.
2026-07-29 17:39:36 - WARNING - __main__ -   Descartado (no es Tenerife): 'Waou Palacio Tenorio Santa Cruz' (https://www.booking.com/hotel/es/waou-palacio-tenorio-santa-cruz-sevilla.es.html) no está en Tenerife según el breadcrumb — descartado.
2026-07-29 17:39:41 - INFO - __main__ - [8/20] Procesando https://www.booking.com/hotel/es/seaview-royal-garden.es.html
2026-07-29 17:39:41 - INFO - __main__ - Scrapeando establecimiento: https://www.booking.com/hotel/es/seaview-royal-garden.es.html
2026-07-29 17:40:10 - INFO - __main__ -   Banner de cookies cerrado.
2026-07-29 17:40:16 - INFO - __main__ -   Banner de cookies cerrado.
2026-07-29 17:40:26 - INFO - __main__ -   Página 1: 10 reseñas (10 acumuladas)
2026-07-29 17:40:32 - INFO - __main__ -   Página 2: 3 reseñas (13 acumuladas)
2026-07-29 17:40:36 - INFO - __main__ - Guardado completo: 1 establecimientos, 13 reseñas.
2026-07-29 17:40:42 - INFO - __main__ - [9/20] Procesando https://www.booking.com/hotel/es/rincon-de-la-caleta.es.html
2026-07-29 17:40:42 - INFO - __main__ - Scrapeando establecimiento: https://www.booking.com/hotel/es/rincon-de-la-caleta.es.html
2026-07-29 17:41:25 - INFO - __main__ -   Banner de cookies cerrado.
2026-07-29 17:41:28 - WARNING - __main__ -   Descartado (no es Tenerife): 'Rincón de la Caleta' (https://www.booking.com/hotel/es/rincon-de-la-caleta.es.html) no está en Tenerife según el breadcrumb — descartado.
2026-07-29 17:41:32 - INFO - __main__ - [10/20] Procesando https://www.booking.com/hotel/es/grifeu-131-apartamento-duplex-con-2-terrazas.es.html
2026-07-29 17:41:32 - INFO - __main__ - Scrapeando establecimiento: https://www.booking.com/hotel/es/grifeu-131-apartamento-duplex-con-2-terrazas.es.html
2026-07-29 17:42:18 - INFO - __main__ -   Banner de cookies cerrado.
2026-07-29 17:42:22 - WARNING - __main__ -   Descartado (no es Tenerife): 'Grifeu 13.1 - Apartamento dúplex con 2 terrazas' (https://www.booking.com/hotel/es/grifeu-131-apartamento-duplex-con-2-terrazas.es.html) no está en Tenerife según el breadcrumb — descartado.
2026-07-29 17:42:29 - INFO - __main__ - [11/20] Procesando https://www.booking.com/hotel/es/amarilla-beach-apartment.es.html
2026-07-29 17:42:29 - INFO - __main__ - Scrapeando establecimiento: https://www.booking.com/hotel/es/amarilla-beach-apartment.es.html
2026-07-29 17:43:08 - INFO - __main__ -   Banner de cookies cerrado.
2026-07-29 17:43:12 - INFO - __main__ -   Reintentando solo con código postal + ciudad: '38639 San Miguel de Abona, España'
2026-07-29 17:43:19 - INFO - __main__ -   Banner de cookies cerrado.
2026-07-29 17:43:27 - INFO - __main__ -   Página 1: 10 reseñas (10 acumuladas)
2026-07-29 17:43:31 - INFO - __main__ -   Página 2: 1 reseñas (11 acumuladas)
2026-07-29 17:43:34 - INFO - __main__ - Guardado completo: 1 establecimientos, 11 reseñas.
2026-07-29 17:43:41 - INFO - __main__ - [12/20] Procesando https://www.booking.com/hotel/es/casa-rural-con-piscina-el-huerto-del-olivo-plasezuela-trujillo-caceres.es.html
2026-07-29 17:43:41 - INFO - __main__ - Scrapeando establecimiento: https://www.booking.com/hotel/es/casa-rural-con-piscina-el-huerto-del-olivo-plasezuela-trujillo-caceres.es.html
2026-07-29 17:44:09 - INFO - __main__ -   Banner de cookies cerrado.
2026-07-29 17:44:13 - WARNING - __main__ -   Descartado (no es Tenerife): 'Casa Rural con piscina El Huerto del Olivo, Plasenzuela, Trujillo, Cáceres' (https://www.booking.com/hotel/es/casa-rural-con-piscina-el-huerto-del-olivo-plasezuela-trujillo-caceres.es.html) no está en Tenerife según el breadcrumb — descartado.
2026-07-29 17:44:20 - INFO - __main__ - [13/20] Procesando https://www.booking.com/hotel/es/apartamento-sami-vista-al-mar-y-piscina.es.html
2026-07-29 17:44:20 - INFO - __main__ - Scrapeando establecimiento: https://www.booking.com/hotel/es/apartamento-sami-vista-al-mar-y-piscina.es.html
2026-07-29 17:44:53 - INFO - __main__ -   Banner de cookies cerrado.
2026-07-29 17:44:56 - WARNING - __main__ -   Descartado (no es Tenerife): 'Apartamento Sami vista al mar y piscina' (https://www.booking.com/hotel/es/apartamento-sami-vista-al-mar-y-piscina.es.html) no está en Tenerife según el breadcrumb — descartado.
2026-07-29 17:45:04 - INFO - __main__ - [14/20] Procesando https://www.booking.com/hotel/es/las-canteras-ocean-view-las-palmas-de-gran-canaria.es.html
2026-07-29 17:45:04 - INFO - __main__ - Scrapeando establecimiento: https://www.booking.com/hotel/es/las-canteras-ocean-view-las-palmas-de-gran-canaria.es.html
2026-07-29 17:45:47 - WARNING - __main__ -   Descartado (no es Tenerife): 'Las Canteras Ocean View' (https://www.booking.com/hotel/es/las-canteras-ocean-view-las-palmas-de-gran-canaria.es.html) no está en Tenerife según el breadcrumb — descartado.
2026-07-29 17:45:54 - INFO - __main__ - [15/20] Procesando https://www.booking.com/hotel/es/apure-apartment-downtown-la-laguna.es.html
2026-07-29 17:45:54 - INFO - __main__ - Scrapeando establecimiento: https://www.booking.com/hotel/es/apure-apartment-downtown-la-laguna.es.html
2026-07-29 17:46:34 - INFO - __main__ -   Banner de cookies cerrado.
2026-07-29 17:46:44 - INFO - __main__ -   Página 1: 10 reseñas (10 acumuladas)
2026-07-29 17:46:51 - INFO - __main__ -   Página 2: 10 reseñas (20 acumuladas)
2026-07-29 17:46:54 - INFO - __main__ - Guardado completo: 1 establecimientos, 15 reseñas.
2026-07-29 17:47:01 - INFO - __main__ - [16/20] Procesando https://www.booking.com/hotel/es/casa-colibri-con-piscina-privada.es.html
2026-07-29 17:47:01 - INFO - __main__ - Scrapeando establecimiento: https://www.booking.com/hotel/es/casa-colibri-con-piscina-privada.es.html
2026-07-29 17:47:41 - ERROR - __main__ - Timeout esperando elementos en https://www.booking.com/hotel/es/casa-colibri-con-piscina-privada.es.html: Message: timeout: Timed out receiving message from renderer: 30.000
  (Session info: chrome=150.0.7871.187)
Stacktrace:
	chromedriver!GetHandleVerifier [0x5d5843+10883]
	chromedriver!GetHandleVerifier [0x5d5884+108c4]
	chromedriver!(No symbol) [0x3d90e0]
	chromedriver!(No symbol) [0x3c96d3]
	chromedriver!(No symbol) [0x3c9405]
	chromedriver!(No symbol) [0x3c75d8]
	chromedriver!(No symbol) [0x3c7e26]
	chromedriver!(No symbol) [0x3d4acb]
	chromedriver!(No symbol) [0x3e65de]
	chromedriver!(No symbol) [0x3ec656]
	chromedriver!(No symbol) [0x3c84ac]
	chromedriver!(No symbol) [0x3e6337]
	chromedriver!(No symbol) [0x4630ba]
	chromedriver!(No symbol) [0x445406]
	chromedriver!(No symbol) [0x418659]
	chromedriver!(No symbol) [0x419424]
	chromedriver!GetHandleVerifier [0x86ced6+2a7f16]
	chromedriver!GetHandleVerifier [0x86847b+2a34bb]
	chromedriver!GetHandleVerifier [0x8894eb+2c452b]
	chromedriver!GetHandleVerifier [0x5ef566+2a5a6]
	chromedriver!GetHandleVerifier [0x5f620d+3124d]
	chromedriver!GetHandleVerifier [0x5de318+19358]
	chromedriver!GetHandleVerifier [0x5de4c5+19505]
	chromedriver!GetHandleVerifier [0x5c70af+20ef]
	KERNEL32!BaseThreadInitThunk [0x75bc5d49+19]
	ntdll!RtlInitializeExceptionChain [0x77a3e00b+6b]
	ntdll!RtlGetAppContainerNamedObjectPath [0x77a3df91+231]

2026-07-29 17:47:43 - ERROR - __main__ - Error procesando https://www.booking.com/hotel/es/casa-colibri-con-piscina-privada.es.html: Message: timeout: Timed out receiving message from renderer: 30.000
  (Session info: chrome=150.0.7871.187)
Stacktrace:
	chromedriver!GetHandleVerifier [0x5d5843+10883]
	chromedriver!GetHandleVerifier [0x5d5884+108c4]
	chromedriver!(No symbol) [0x3d90e0]
	chromedriver!(No symbol) [0x3c96d3]
	chromedriver!(No symbol) [0x3c9405]
	chromedriver!(No symbol) [0x3c75d8]
	chromedriver!(No symbol) [0x3c7e26]
	chromedriver!(No symbol) [0x3d4acb]
	chromedriver!(No symbol) [0x3e65de]
	chromedriver!(No symbol) [0x3ec656]
	chromedriver!(No symbol) [0x3c84ac]
	chromedriver!(No symbol) [0x3e6337]
	chromedriver!(No symbol) [0x4630ba]
	chromedriver!(No symbol) [0x445406]
	chromedriver!(No symbol) [0x418659]
	chromedriver!(No symbol) [0x419424]
	chromedriver!GetHandleVerifier [0x86ced6+2a7f16]
	chromedriver!GetHandleVerifier [0x86847b+2a34bb]
	chromedriver!GetHandleVerifier [0x8894eb+2c452b]
	chromedriver!GetHandleVerifier [0x5ef566+2a5a6]
	chromedriver!GetHandleVerifier [0x5f620d+3124d]
	chromedriver!GetHandleVerifier [0x5de318+19358]
	chromedriver!GetHandleVerifier [0x5de4c5+19505]
	chromedriver!GetHandleVerifier [0x5c70af+20ef]
	KERNEL32!BaseThreadInitThunk [0x75bc5d49+19]
	ntdll!RtlInitializeExceptionChain [0x77a3e00b+6b]
	ntdll!RtlGetAppContainerNamedObjectPath [0x77a3df91+231]

2026-07-29 17:47:43 - INFO - __main__ - [17/20] Procesando https://www.booking.com/hotel/es/sauna-privada-piscina-climatizada-jacuzzi-y-bbq-para-8-personas.es.html
2026-07-29 17:47:43 - INFO - __main__ - Scrapeando establecimiento: https://www.booking.com/hotel/es/sauna-privada-piscina-climatizada-jacuzzi-y-bbq-para-8-personas.es.html
2026-07-29 17:48:20 - INFO - __main__ -   Banner de cookies cerrado.
2026-07-29 17:48:24 - WARNING - __main__ -   Descartado (no es Tenerife): 'Villa Naranjos - Sauna - Jacuzzi - Gym - BBQ' (https://www.booking.com/hotel/es/sauna-privada-piscina-climatizada-jacuzzi-y-bbq-para-8-personas.es.html) no está en Tenerife según el breadcrumb — descartado.
2026-07-29 17:48:31 - INFO - __main__ - [18/20] Procesando https://www.booking.com/hotel/es/casa-julia-la-laguna1.es.html
2026-07-29 17:48:31 - INFO - __main__ - Scrapeando establecimiento: https://www.booking.com/hotel/es/casa-julia-la-laguna1.es.html
2026-07-29 17:49:01 - INFO - __main__ -   Banner de cookies cerrado.
2026-07-29 17:49:05 - INFO - __main__ -   Reintentando solo con código postal + ciudad: '38260 La Laguna, España'
2026-07-29 17:49:12 - INFO - __main__ -   Banner de cookies cerrado.
2026-07-29 17:49:24 - INFO - __main__ -   Página 1: 10 reseñas (10 acumuladas)
2026-07-29 17:49:28 - INFO - __main__ -   Página 2: 4 reseñas (14 acumuladas)
2026-07-29 17:49:32 - INFO - __main__ - Guardado completo: 1 establecimientos, 14 reseñas.
2026-07-29 17:49:38 - INFO - __main__ - [19/20] Procesando https://www.booking.com/hotel/es/rio-beach-los-cristianos.es.html
2026-07-29 17:49:38 - INFO - __main__ - Scrapeando establecimiento: https://www.booking.com/hotel/es/rio-beach-los-cristianos.es.html
2026-07-29 17:50:07 - INFO - __main__ -   Banner de cookies cerrado.
2026-07-29 17:50:21 - INFO - __main__ -   Banner de cookies cerrado.
2026-07-29 17:50:30 - INFO - __main__ -   Página 1: 5 reseñas (5 acumuladas)
2026-07-29 17:50:30 - INFO - __main__ -   No hay más páginas de reseñas.
2026-07-29 17:50:38 - INFO - __main__ - Guardado completo: 1 establecimientos, 5 reseñas.
2026-07-29 17:50:44 - INFO - __main__ - [20/20] Procesando https://www.booking.com/hotel/es/residencial-bitacora-3.es.html
2026-07-29 17:50:44 - INFO - __main__ - Scrapeando establecimiento: https://www.booking.com/hotel/es/residencial-bitacora-3.es.html
2026-07-29 17:51:14 - INFO - __main__ -   Banner de cookies cerrado.
2026-07-29 17:51:22 - INFO - __main__ -   Banner de cookies cerrado.
2026-07-29 17:51:32 - INFO - __main__ -   Página 1: 10 reseñas (10 acumuladas)
2026-07-29 17:51:41 - INFO - __main__ -   Página 2: 5 reseñas (15 acumuladas)
2026-07-29 17:51:45 - INFO - __main__ - Guardado completo: 1 establecimientos, 15 reseñas.
2026-07-29 17:51:48 - INFO - __main__ - === Corrida finalizada: 8 establecimientos, 89 reseñas en total (8 descartados por no ser de Tenerife) ===
2026-07-31 11:11:33 - INFO - __main__ - === Iniciando scraper de Booking.com ===
2026-07-31 11:11:33 - INFO - __main__ - Usando caché de descubrimiento: C:\Users\jcabr\AI_Dashboard_Core\ingestion\scraping\sitemap_discovery_cache.json
2026-07-31 11:11:33 - INFO - __main__ - 16 establecimiento(s) ya completados en corridas anteriores, se omiten.
2026-07-31 11:11:33 - INFO - __main__ - [1/34] Procesando https://www.booking.com/hotel/es/new-finca-panorama-stunning-5-bedroom-with-pool.es.html
2026-07-31 11:11:33 - INFO - __main__ - Scrapeando establecimiento: https://www.booking.com/hotel/es/new-finca-panorama-stunning-5-bedroom-with-pool.es.html
2026-07-31 11:11:56 - INFO - __main__ -   Banner de cookies cerrado.
2026-07-31 11:12:00 - WARNING - __main__ -   Descartado (no es Tenerife): 'NEW Finca Panorama - Stunning 5 Bedroom with pool' (https://www.booking.com/hotel/es/new-finca-panorama-stunning-5-bedroom-with-pool.es.html) no está en Tenerife según el breadcrumb — descartado.
2026-07-31 11:12:06 - INFO - __main__ - [2/34] Procesando https://www.booking.com/hotel/es/happy-place-arona.es.html
2026-07-31 11:12:06 - INFO - __main__ - Scrapeando establecimiento: https://www.booking.com/hotel/es/happy-place-arona.es.html
2026-07-31 11:12:29 - INFO - __main__ -   Banner de cookies cerrado.
2026-07-31 11:12:35 - INFO - __main__ -   Página 1: 1 reseñas (1 acumuladas)
2026-07-31 11:12:35 - INFO - __main__ -   No hay más páginas de reseñas.
2026-07-31 11:12:42 - INFO - __main__ - Guardado completo: 1 establecimientos, 1 reseñas.
2026-07-31 11:12:49 - INFO - __main__ - [3/34] Procesando https://www.booking.com/hotel/es/villa-lalola-con-piscina-climatizada.es.html
2026-07-31 11:12:49 - INFO - __main__ - Scrapeando establecimiento: https://www.booking.com/hotel/es/villa-lalola-con-piscina-climatizada.es.html
2026-07-31 11:13:06 - INFO - __main__ -   Banner de cookies cerrado.
2026-07-31 11:13:11 - WARNING - __main__ -   Descartado (no es Tenerife): 'Villa LaLola con piscina, oasis privado' (https://www.booking.com/hotel/es/villa-lalola-con-piscina-climatizada.es.html) no está en Tenerife según el breadcrumb — descartado.
2026-07-31 11:13:17 - INFO - __main__ - [4/34] Procesando https://www.booking.com/hotel/es/casa-colibri-con-piscina-privada.es.html
2026-07-31 11:13:17 - INFO - __main__ - Scrapeando establecimiento: https://www.booking.com/hotel/es/casa-colibri-con-piscina-privada.es.html
2026-07-31 11:13:38 - INFO - __main__ -   Banner de cookies cerrado.
2026-07-31 11:13:48 - WARNING - __main__ -   Descartado (no es Tenerife): 'Casa Colibrí con piscina privada' (https://www.booking.com/hotel/es/casa-colibri-con-piscina-privada.es.html) no está en Tenerife según el breadcrumb — descartado.
2026-07-31 11:13:52 - INFO - __main__ - [5/34] Procesando https://www.booking.com/hotel/es/port-royal-view-los-cristianos.es.html
2026-07-31 11:13:52 - INFO - __main__ - Scrapeando establecimiento: https://www.booking.com/hotel/es/port-royal-view-los-cristianos.es.html
2026-07-31 11:14:11 - INFO - __main__ -   Banner de cookies cerrado.
2026-07-31 11:14:18 - INFO - __main__ -   Banner de cookies cerrado.
2026-07-31 11:14:29 - INFO - __main__ -   Página 1: 10 reseñas (10 acumuladas)
2026-07-31 11:14:35 - INFO - __main__ -   Página 2: 10 reseñas (20 acumuladas)
2026-07-31 11:14:40 - INFO - __main__ -   Página 3: 2 reseñas (22 acumuladas)
2026-07-31 11:14:44 - INFO - __main__ - Guardado completo: 1 establecimientos, 22 reseñas.
2026-07-31 11:14:50 - INFO - __main__ - [6/34] Procesando https://www.booking.com/hotel/es/villa-alisios-pool-design-comfort.es.html
2026-07-31 11:14:50 - INFO - __main__ - Scrapeando establecimiento: https://www.booking.com/hotel/es/villa-alisios-pool-design-comfort.es.html
2026-07-31 11:15:02 - INFO - __main__ -   Banner de cookies cerrado.
2026-07-31 11:15:06 - WARNING - __main__ -   Descartado (no es Tenerife): 'Villa Aurea, Piscina privada, Solárium, Vistas' (https://www.booking.com/hotel/es/villa-alisios-pool-design-comfort.es.html) no está en Tenerife según el breadcrumb — descartado.
2026-07-31 11:15:13 - INFO - __main__ - [7/34] Procesando https://www.booking.com/hotel/es/apartamento-con-vistas-al-mar-y-montana-piscina.es.html
2026-07-31 11:15:13 - INFO - __main__ - Scrapeando establecimiento: https://www.booking.com/hotel/es/apartamento-con-vistas-al-mar-y-montana-piscina.es.html
2026-07-31 11:15:29 - INFO - __main__ -   Banner de cookies cerrado.
2026-07-31 11:15:35 - WARNING - __main__ -   Descartado (no es Tenerife): 'Apartamento con vistas al mar y montaña - Piscina' (https://www.booking.com/hotel/es/apartamento-con-vistas-al-mar-y-montana-piscina.es.html) no está en Tenerife según el breadcrumb — descartado.
2026-07-31 11:15:43 - INFO - __main__ - [8/34] Procesando https://www.booking.com/hotel/es/home2book-coastal-calm-fasnia-patio-rooftop.es.html
2026-07-31 11:15:43 - INFO - __main__ - Scrapeando establecimiento: https://www.booking.com/hotel/es/home2book-coastal-calm-fasnia-patio-rooftop.es.html
2026-07-31 11:16:00 - INFO - __main__ -   Banner de cookies cerrado.
2026-07-31 11:16:07 - INFO - __main__ -   Banner de cookies cerrado.
2026-07-31 11:16:15 - INFO - __main__ -   Página 1: 3 reseñas (3 acumuladas)
2026-07-31 11:16:15 - INFO - __main__ -   No hay más páginas de reseñas.
2026-07-31 11:16:18 - INFO - __main__ - Guardado completo: 1 establecimientos, 3 reseñas.
2026-07-31 11:16:25 - INFO - __main__ - [9/34] Procesando https://www.booking.com/hotel/es/villa-los-angeles-el-espinar-el-espinar.es.html
2026-07-31 11:16:25 - INFO - __main__ - Scrapeando establecimiento: https://www.booking.com/hotel/es/villa-los-angeles-el-espinar-el-espinar.es.html
2026-07-31 11:16:47 - INFO - __main__ -   Banner de cookies cerrado.
2026-07-31 11:16:50 - WARNING - __main__ -   Descartado (no es Tenerife): 'Villa Los Ángeles - El Espinar' (https://www.booking.com/hotel/es/villa-los-angeles-el-espinar-el-espinar.es.html) no está en Tenerife según el breadcrumb — descartado.
2026-07-31 11:16:58 - INFO - __main__ - [10/34] Procesando https://www.booking.com/hotel/es/la-caleta-calpe.es.html
2026-07-31 11:16:58 - INFO - __main__ - Scrapeando establecimiento: https://www.booking.com/hotel/es/la-caleta-calpe.es.html
2026-07-31 11:17:20 - INFO - __main__ -   Banner de cookies cerrado.
2026-07-31 11:17:26 - WARNING - __main__ -   Descartado (no es Tenerife): 'La Caleta' (https://www.booking.com/hotel/es/la-caleta-calpe.es.html) no está en Tenerife según el breadcrumb — descartado.
2026-07-31 11:17:33 - INFO - __main__ - [11/34] Procesando https://www.booking.com/hotel/es/sun-beach-delfin-verde-apartamento-e11.es.html
2026-07-31 11:17:33 - INFO - __main__ - Scrapeando establecimiento: https://www.booking.com/hotel/es/sun-beach-delfin-verde-apartamento-e11.es.html
2026-07-31 11:17:53 - INFO - __main__ -   Banner de cookies cerrado.
2026-07-31 11:17:57 - WARNING - __main__ -   Descartado (no es Tenerife): 'Sun Beach Delfín Verde Apartamento E11' (https://www.booking.com/hotel/es/sun-beach-delfin-verde-apartamento-e11.es.html) no está en Tenerife según el breadcrumb — descartado.
2026-07-31 11:18:04 - INFO - __main__ - [12/34] Procesando https://www.booking.com/hotel/es/guest-house-in-alicante.es.html
2026-07-31 11:18:04 - INFO - __main__ - Scrapeando establecimiento: https://www.booking.com/hotel/es/guest-house-in-alicante.es.html
2026-07-31 11:18:22 - INFO - __main__ -   Banner de cookies cerrado.
2026-07-31 11:18:29 - WARNING - __main__ -   Descartado (no es Tenerife): 'Guest house in Alicant' (https://www.booking.com/hotel/es/guest-house-in-alicante.es.html) no está en Tenerife según el breadcrumb — descartado.
2026-07-31 11:18:35 - INFO - __main__ - [13/34] Procesando https://www.booking.com/hotel/es/marmota-atico-en-llivia-jardin-comunitario-con-piscina-y-pista-de-tenis.es.html
2026-07-31 11:18:35 - INFO - __main__ - Scrapeando establecimiento: https://www.booking.com/hotel/es/marmota-atico-en-llivia-jardin-comunitario-con-piscina-y-pista-de-tenis.es.html
2026-07-31 11:18:50 - INFO - __main__ -   Banner de cookies cerrado.
2026-07-31 11:18:54 - WARNING - __main__ -   Descartado (no es Tenerife): 'Marmota, Ático en Llívia, jardín comunitario con piscina y pista de tenis' (https://www.booking.com/hotel/es/marmota-atico-en-llivia-jardin-comunitario-con-piscina-y-pista-de-tenis.es.html) no está en Tenerife según el breadcrumb — descartado.
2026-07-31 11:18:59 - INFO - __main__ - [14/34] Procesando https://www.booking.com/hotel/es/canelas-home-nuevo-con-piscina-portonovo-sanxenxo.es.html
2026-07-31 11:18:59 - INFO - __main__ - Scrapeando establecimiento: https://www.booking.com/hotel/es/canelas-home-nuevo-con-piscina-portonovo-sanxenxo.es.html
2026-07-31 11:19:18 - WARNING - __main__ -   Descartado (no es Tenerife): 'CANELAS HOME ,nuevo con piscina ,PORTONOVO-SANXENXO' (https://www.booking.com/hotel/es/canelas-home-nuevo-con-piscina-portonovo-sanxenxo.es.html) no está en Tenerife según el breadcrumb — descartado.
2026-07-31 11:19:23 - INFO - __main__ - [15/34] Procesando https://www.booking.com/hotel/es/las-lagunas-san-bartolome-de-tirajana.es.html
2026-07-31 11:19:23 - INFO - __main__ - Scrapeando establecimiento: https://www.booking.com/hotel/es/las-lagunas-san-bartolome-de-tirajana.es.html
2026-07-31 11:19:41 - INFO - __main__ -   Banner de cookies cerrado.
2026-07-31 11:19:46 - WARNING - __main__ -   Descartado (no es Tenerife): 'Las Lagunas' (https://www.booking.com/hotel/es/las-lagunas-san-bartolome-de-tirajana.es.html) no está en Tenerife según el breadcrumb — descartado.
2026-07-31 11:19:51 - INFO - __main__ - [16/34] Procesando https://www.booking.com/hotel/es/residencial-amaranto-nerja.es.html
2026-07-31 11:19:51 - INFO - __main__ - Scrapeando establecimiento: https://www.booking.com/hotel/es/residencial-amaranto-nerja.es.html
2026-07-31 11:20:07 - INFO - __main__ -   Banner de cookies cerrado.
2026-07-31 11:20:14 - WARNING - __main__ -   Descartado (no es Tenerife): 'Residencial Amaranto' (https://www.booking.com/hotel/es/residencial-amaranto-nerja.es.html) no está en Tenerife según el breadcrumb — descartado.
2026-07-31 11:20:20 - INFO - __main__ - [17/34] Procesando https://www.booking.com/hotel/es/apartamento-palm-beach-benidorm.es.html
2026-07-31 11:20:20 - INFO - __main__ - Scrapeando establecimiento: https://www.booking.com/hotel/es/apartamento-palm-beach-benidorm.es.html
2026-07-31 11:20:42 - INFO - __main__ -   Banner de cookies cerrado.
2026-07-31 11:20:48 - WARNING - __main__ -   Descartado (no es Tenerife): 'Apartamento Palm Beach' (https://www.booking.com/hotel/es/apartamento-palm-beach-benidorm.es.html) no está en Tenerife según el breadcrumb — descartado.
2026-07-31 11:20:51 - INFO - __main__ - [18/34] Procesando https://www.booking.com/hotel/es/achimencey-apartment-in-bajamar.es.html
2026-07-31 11:20:51 - INFO - __main__ - Scrapeando establecimiento: https://www.booking.com/hotel/es/achimencey-apartment-in-bajamar.es.html
2026-07-31 11:21:07 - INFO - __main__ -   Banner de cookies cerrado.
2026-07-31 11:21:10 - INFO - __main__ -   Reintentando solo con código postal + ciudad: '38250 Bajamar, España'
2026-07-31 11:21:13 - INFO - __main__ -   Banner de cookies cerrado.
2026-07-31 11:21:19 - INFO - __main__ -   Página 1: 3 reseñas (3 acumuladas)
2026-07-31 11:21:19 - INFO - __main__ -   No hay más páginas de reseñas.
2026-07-31 11:21:28 - INFO - __main__ - Guardado completo: 1 establecimientos, 3 reseñas.
2026-07-31 11:21:36 - INFO - __main__ - [19/34] Procesando https://www.booking.com/hotel/es/mon-repos-1-chalet.es.html
2026-07-31 11:21:36 - INFO - __main__ - Scrapeando establecimiento: https://www.booking.com/hotel/es/mon-repos-1-chalet.es.html
2026-07-31 11:21:52 - INFO - __main__ -   Banner de cookies cerrado.
2026-07-31 11:21:56 - WARNING - __main__ -   Descartado (no es Tenerife): 'Mon Repos 1 chalet' (https://www.booking.com/hotel/es/mon-repos-1-chalet.es.html) no está en Tenerife según el breadcrumb — descartado.
2026-07-31 11:22:00 - INFO - __main__ - [20/34] Procesando https://www.booking.com/hotel/es/oasis-playa-aguilas.es.html
2026-07-31 11:22:00 - INFO - __main__ - Scrapeando establecimiento: https://www.booking.com/hotel/es/oasis-playa-aguilas.es.html
2026-07-31 11:22:22 - WARNING - __main__ -   Descartado (no es Tenerife): 'Alojamiento Oasis Playa' (https://www.booking.com/hotel/es/oasis-playa-aguilas.es.html) no está en Tenerife según el breadcrumb — descartado.
2026-07-31 11:22:28 - INFO - __main__ - [21/34] Procesando https://www.booking.com/hotel/es/el-jardin-de-valle-de-guimar.es.html
2026-07-31 11:22:28 - INFO - __main__ - Scrapeando establecimiento: https://www.booking.com/hotel/es/el-jardin-de-valle-de-guimar.es.html
2026-07-31 11:22:44 - INFO - __main__ -   Banner de cookies cerrado.
2026-07-31 11:22:46 - INFO - __main__ -   Reintentando solo con código postal + ciudad: '38500 Güímar, España'
2026-07-31 11:22:50 - INFO - __main__ -   Banner de cookies cerrado.
2026-07-31 11:23:02 - INFO - __main__ -   Página 1: 10 reseñas (10 acumuladas)
2026-07-31 11:23:10 - INFO - __main__ -   Página 2: 8 reseñas (18 acumuladas)
2026-07-31 11:23:14 - INFO - __main__ - Guardado completo: 1 establecimientos, 18 reseñas.
2026-07-31 11:23:21 - INFO - __main__ - [22/34] Procesando https://www.booking.com/hotel/es/playa-paraiso-seaview-adeje.es.html
2026-07-31 11:23:21 - INFO - __main__ - Scrapeando establecimiento: https://www.booking.com/hotel/es/playa-paraiso-seaview-adeje.es.html
2026-07-31 11:23:35 - INFO - __main__ -   Banner de cookies cerrado.
2026-07-31 11:23:43 - INFO - __main__ -   Banner de cookies cerrado.
2026-07-31 11:23:53 - INFO - __main__ -   Página 1: 6 reseñas (6 acumuladas)
2026-07-31 11:23:53 - INFO - __main__ -   No hay más páginas de reseñas.
2026-07-31 11:24:02 - INFO - __main__ - Guardado completo: 1 establecimientos, 6 reseñas.
2026-07-31 11:24:07 - INFO - __main__ - [23/34] Procesando https://www.booking.com/hotel/es/antonio-filpo-rojas.es.html
2026-07-31 11:24:07 - INFO - __main__ - Scrapeando establecimiento: https://www.booking.com/hotel/es/antonio-filpo-rojas.es.html
2026-07-31 11:24:19 - INFO - __main__ -   Banner de cookies cerrado.
2026-07-31 11:24:22 - WARNING - __main__ -   Descartado (no es Tenerife): 'Apt 3 habitaciones cerca Histórico Sevilla 4px' (https://www.booking.com/hotel/es/antonio-filpo-rojas.es.html) no está en Tenerife según el breadcrumb — descartado.
2026-07-31 11:24:27 - INFO - __main__ - [24/34] Procesando https://www.booking.com/hotel/es/rentafive-terraza-piscina-parking-cerca-playa-santa-pola.es.html
2026-07-31 11:24:27 - INFO - __main__ - Scrapeando establecimiento: https://www.booking.com/hotel/es/rentafive-terraza-piscina-parking-cerca-playa-santa-pola.es.html
2026-07-31 11:24:47 - INFO - __main__ -   Banner de cookies cerrado.
2026-07-31 11:24:52 - WARNING - __main__ -   Descartado (no es Tenerife): 'rentafive - Piscina/Playa 3 min, Terraza, Parking' (https://www.booking.com/hotel/es/rentafive-terraza-piscina-parking-cerca-playa-santa-pola.es.html) no está en Tenerife según el breadcrumb — descartado.
2026-07-31 11:24:57 - INFO - __main__ - [25/34] Procesando https://www.booking.com/hotel/es/playa-paraiso-adeje-santa-cruz-de-tenerife.es.html
2026-07-31 11:24:57 - INFO - __main__ - Scrapeando establecimiento: https://www.booking.com/hotel/es/playa-paraiso-adeje-santa-cruz-de-tenerife.es.html
2026-07-31 11:25:17 - INFO - __main__ -   Banner de cookies cerrado.
2026-07-31 11:25:20 - INFO - __main__ -   Reintentando solo con código postal + ciudad: '38678 Playa Paraíso, España'
2026-07-31 11:25:25 - INFO - __main__ -   Banner de cookies cerrado.
2026-07-31 11:25:34 - INFO - __main__ -   Página 1: 5 reseñas (5 acumuladas)
2026-07-31 11:25:34 - INFO - __main__ -   No hay más páginas de reseñas.
2026-07-31 11:25:43 - INFO - __main__ - Guardado completo: 1 establecimientos, 5 reseñas.
2026-07-31 11:25:47 - INFO - __main__ - [26/34] Procesando https://www.booking.com/hotel/es/bonito-adeje.es.html
2026-07-31 11:25:47 - INFO - __main__ - Scrapeando establecimiento: https://www.booking.com/hotel/es/bonito-adeje.es.html
2026-07-31 11:26:03 - INFO - __main__ -   Banner de cookies cerrado.
2026-07-31 11:26:11 - INFO - __main__ -   Banner de cookies cerrado.
2026-07-31 11:26:20 - INFO - __main__ -   Página 1: 5 reseñas (5 acumuladas)
2026-07-31 11:26:20 - INFO - __main__ -   No hay más páginas de reseñas.
2026-07-31 11:26:27 - INFO - __main__ - Guardado completo: 1 establecimientos, 5 reseñas.
2026-07-31 11:26:32 - INFO - __main__ - [27/34] Procesando https://www.booking.com/hotel/es/apartamento-familiar-con-vistas-al-mar-costa-adeje.es.html
2026-07-31 11:26:32 - INFO - __main__ - Scrapeando establecimiento: https://www.booking.com/hotel/es/apartamento-familiar-con-vistas-al-mar-costa-adeje.es.html
2026-07-31 11:26:50 - INFO - __main__ -   Banner de cookies cerrado.
2026-07-31 11:26:54 - INFO - __main__ -   Reintentando solo con código postal + ciudad: '38660 Adeje, España'
2026-07-31 11:27:00 - INFO - __main__ -   Banner de cookies cerrado.
2026-07-31 11:27:11 - INFO - __main__ -   Página 1: 10 reseñas (10 acumuladas)
2026-07-31 11:27:16 - INFO - __main__ -   Página 2: 10 reseñas (20 acumuladas)
2026-07-31 11:27:23 - INFO - __main__ -   Página 3: 1 reseñas (21 acumuladas)
2026-07-31 11:27:28 - INFO - __main__ - Guardado completo: 1 establecimientos, 21 reseñas.
2026-07-31 11:27:32 - INFO - __main__ - [28/34] Procesando https://www.booking.com/hotel/es/cielo-dorado.es.html
2026-07-31 11:27:32 - INFO - __main__ - Scrapeando establecimiento: https://www.booking.com/hotel/es/cielo-dorado.es.html
2026-07-31 11:27:49 - INFO - __main__ -   Banner de cookies cerrado.
2026-07-31 11:27:52 - INFO - __main__ -   Reintentando solo con código postal + ciudad: '38683 Santiago del Teide, España'
2026-07-31 11:27:58 - INFO - __main__ -   Banner de cookies cerrado.
2026-07-31 11:28:10 - INFO - __main__ -   Página 1: 7 reseñas (7 acumuladas)
2026-07-31 11:28:10 - INFO - __main__ -   No hay más páginas de reseñas.
2026-07-31 11:28:14 - INFO - __main__ - Guardado completo: 1 establecimientos, 7 reseñas.
2026-07-31 11:28:17 - INFO - __main__ - [29/34] Procesando https://www.booking.com/hotel/es/preciosa-vivienda-en-el-corazon-de-aguilas.es.html
2026-07-31 11:28:17 - INFO - __main__ - Scrapeando establecimiento: https://www.booking.com/hotel/es/preciosa-vivienda-en-el-corazon-de-aguilas.es.html
2026-07-31 11:28:33 - INFO - __main__ -   Banner de cookies cerrado.
2026-07-31 11:28:38 - WARNING - __main__ -   Descartado (no es Tenerife): 'El Taller de San Martín' (https://www.booking.com/hotel/es/preciosa-vivienda-en-el-corazon-de-aguilas.es.html) no está en Tenerife según el breadcrumb — descartado.
2026-07-31 11:28:46 - INFO - __main__ - [30/34] Procesando https://www.booking.com/hotel/es/san-juan-101.es.html
2026-07-31 11:28:46 - INFO - __main__ - Scrapeando establecimiento: https://www.booking.com/hotel/es/san-juan-101.es.html
2026-07-31 11:29:04 - INFO - __main__ -   Banner de cookies cerrado.
2026-07-31 11:29:12 - WARNING - __main__ -   Descartado (no es Tenerife): 'San Juan' (https://www.booking.com/hotel/es/san-juan-101.es.html) no está en Tenerife según el breadcrumb — descartado.
2026-07-31 11:29:17 - INFO - __main__ - [31/34] Procesando https://www.booking.com/hotel/es/residencia-universitaria-micampus-foronda-7.es.html
2026-07-31 11:29:17 - INFO - __main__ - Scrapeando establecimiento: https://www.booking.com/hotel/es/residencia-universitaria-micampus-foronda-7.es.html
2026-07-31 11:29:34 - INFO - __main__ -   Banner de cookies cerrado.
2026-07-31 11:29:40 - WARNING - __main__ -   Descartado (no es Tenerife): 'Micampus Foronda 7 Student Residence' (https://www.booking.com/hotel/es/residencia-universitaria-micampus-foronda-7.es.html) no está en Tenerife según el breadcrumb — descartado.
2026-07-31 11:29:48 - INFO - __main__ - [32/34] Procesando https://www.booking.com/hotel/es/el-horno-adeje1.es.html
2026-07-31 11:29:48 - INFO - __main__ - Scrapeando establecimiento: https://www.booking.com/hotel/es/el-horno-adeje1.es.html
2026-07-31 11:30:07 - INFO - __main__ -   Banner de cookies cerrado.
2026-07-31 11:30:12 - INFO - __main__ -   Banner de cookies cerrado.
2026-07-31 11:30:21 - INFO - __main__ -   Página 1: 3 reseñas (3 acumuladas)
2026-07-31 11:30:21 - INFO - __main__ -   No hay más páginas de reseñas.
2026-07-31 11:30:24 - INFO - __main__ - Guardado completo: 1 establecimientos, 3 reseñas.
2026-07-31 11:30:30 - INFO - __main__ - [33/34] Procesando https://www.booking.com/hotel/es/ultimate-rentals-casa-sea-view-estepona-800-m-van-laguna-beach-club.es.html
2026-07-31 11:30:30 - INFO - __main__ - Scrapeando establecimiento: https://www.booking.com/hotel/es/ultimate-rentals-casa-sea-view-estepona-800-m-van-laguna-beach-club.es.html
2026-07-31 11:30:49 - INFO - __main__ -   Banner de cookies cerrado.
2026-07-31 11:30:57 - WARNING - __main__ -   Descartado (no es Tenerife): 'Casa Sea View Estepona - Near Laguna Beach' (https://www.booking.com/hotel/es/ultimate-rentals-casa-sea-view-estepona-800-m-van-laguna-beach-club.es.html) no está en Tenerife según el breadcrumb — descartado.
2026-07-31 11:31:01 - INFO - __main__ - [34/34] Procesando https://www.booking.com/hotel/es/sunny-stay-costa-adeje-costa-adeje.es.html
2026-07-31 11:31:01 - INFO - __main__ - Scrapeando establecimiento: https://www.booking.com/hotel/es/sunny-stay-costa-adeje-costa-adeje.es.html
2026-07-31 11:31:22 - INFO - __main__ -   Banner de cookies cerrado.
2026-07-31 11:31:33 - INFO - __main__ -   Banner de cookies cerrado.
2026-07-31 11:31:41 - INFO - __main__ -   Página 1: 6 reseñas (6 acumuladas)
2026-07-31 11:31:41 - INFO - __main__ -   No hay más páginas de reseñas.
2026-07-31 11:31:49 - INFO - __main__ - Guardado completo: 1 establecimientos, 6 reseñas.
2026-07-31 11:31:55 - INFO - __main__ - === Corrida finalizada: 12 establecimientos, 100 reseñas en total (22 descartados por no ser de Tenerife) ===
2026-08-01 23:45:18 - INFO - __main__ - === Iniciando scraper de Booking.com ===
2026-08-01 23:45:18 - INFO - __main__ - Usando caché de descubrimiento: C:\Users\jcabr\AI_Dashboard_Core\ingestion\scraping\sitemap_discovery_cache.json
2026-08-01 23:45:18 - INFO - __main__ - 50 establecimiento(s) ya completados en corridas anteriores, se omiten.
2026-08-01 23:45:18 - INFO - __main__ - [1/450] Procesando https://www.booking.com/hotel/es/apartamentos-veramar-playa-piscina-parking-gratis.es.html
2026-08-01 23:45:18 - INFO - __main__ - Scrapeando establecimiento: https://www.booking.com/hotel/es/apartamentos-veramar-playa-piscina-parking-gratis.es.html
2026-08-01 23:45:29 - INFO - __main__ -   Banner de cookies cerrado.
2026-08-01 23:45:31 - INFO - __main__ -   Reintentando solo con código postal + ciudad: '38650 Arona, España'
2026-08-01 23:45:37 - INFO - __main__ -   Banner de cookies cerrado.
2026-08-01 23:45:44 - INFO - __main__ -   Página 1: 2 reseñas (2 acumuladas)
2026-08-01 23:45:44 - INFO - __main__ -   No hay más páginas de reseñas.
2026-08-01 23:45:48 - INFO - __main__ - Guardado completo: 1 establecimientos, 2 reseñas.
2026-08-01 23:45:55 - INFO - __main__ - [2/450] Procesando https://www.booking.com/hotel/es/finca-san-antonio-luxe-appartement-met-uitzicht-op-zee.es.html
2026-08-01 23:45:55 - INFO - __main__ - Scrapeando establecimiento: https://www.booking.com/hotel/es/finca-san-antonio-luxe-appartement-met-uitzicht-op-zee.es.html
2026-08-01 23:46:06 - INFO - __main__ -   Banner de cookies cerrado.
2026-08-01 23:46:09 - WARNING - __main__ -   Descartado (no es Tenerife): 'Finca San Antonio - Luxe Appartement met Uitzicht op Zee' (https://www.booking.com/hotel/es/finca-san-antonio-luxe-appartement-met-uitzicht-op-zee.es.html) no está en Tenerife según el breadcrumb — descartado.
2026-08-01 23:46:14 - INFO - __main__ - [3/450] Procesando https://www.booking.com/hotel/es/lovely-home-in-san-antoniojerez-de-l-with-wifi.es.html
2026-08-01 23:46:14 - INFO - __main__ - Scrapeando establecimiento: https://www.booking.com/hotel/es/lovely-home-in-san-antoniojerez-de-l-with-wifi.es.html
2026-08-01 23:46:32 - WARNING - __main__ -   Descartado (no es Tenerife): '3 Bedroom Lovely Home In San Antoniojerez De L' (https://www.booking.com/hotel/es/lovely-home-in-san-antoniojerez-de-l-with-wifi.es.html) no está en Tenerife según el breadcrumb — descartado.
2026-08-01 23:46:35 - INFO - __main__ - [4/450] Procesando https://www.booking.com/hotel/es/puertito-azul-puertito-de-guimar.es.html
2026-08-01 23:46:35 - INFO - __main__ - Scrapeando establecimiento: https://www.booking.com/hotel/es/puertito-azul-puertito-de-guimar.es.html
2026-08-01 23:46:57 - INFO - __main__ -   Banner de cookies cerrado.
2026-08-01 23:47:28 - ERROR - __main__ - Timeout esperando elementos en https://www.booking.com/hotel/es/puertito-azul-puertito-de-guimar.es.html: Message: 
Stacktrace:
	chromedriver!GetHandleVerifier [0x1055843+10883]
	chromedriver!GetHandleVerifier [0x1055884+108c4]
	chromedriver!(No symbol) [0xe590e0]
	chromedriver!(No symbol) [0xea316b]
	chromedriver!(No symbol) [0xea338b]
	chromedriver!(No symbol) [0xee5942]
	chromedriver!(No symbol) [0xec56b4]
	chromedriver!(No symbol) [0xee31aa]
	chromedriver!(No symbol) [0xec5406]
	chromedriver!(No symbol) [0xe98659]
	chromedriver!(No symbol) [0xe99424]
	chromedriver!GetHandleVerifier [0x12eced6+2a7f16]
	chromedriver!GetHandleVerifier [0x12e847b+2a34bb]
	chromedriver!GetHandleVerifier [0x13094eb+2c452b]
	chromedriver!GetHandleVerifier [0x106f566+2a5a6]
	chromedriver!GetHandleVerifier [0x107620d+3124d]
	chromedriver!GetHandleVerifier [0x105e318+19358]
	chromedriver!GetHandleVerifier [0x105e4c5+19505]
	chromedriver!GetHandleVerifier [0x10470af+20ef]
	KERNEL32!BaseThreadInitThunk [0x75bc5d49+19]
	ntdll!RtlInitializeExceptionChain [0x77a3e00b+6b]
	ntdll!RtlGetAppContainerNamedObjectPath [0x77a3df91+231]

2026-08-01 23:47:33 - ERROR - __main__ - Error procesando https://www.booking.com/hotel/es/puertito-azul-puertito-de-guimar.es.html: Message: 
Stacktrace:
	chromedriver!GetHandleVerifier [0x1055843+10883]
	chromedriver!GetHandleVerifier [0x1055884+108c4]
	chromedriver!(No symbol) [0xe590e0]
	chromedriver!(No symbol) [0xea316b]
	chromedriver!(No symbol) [0xea338b]
	chromedriver!(No symbol) [0xee5942]
	chromedriver!(No symbol) [0xec56b4]
	chromedriver!(No symbol) [0xee31aa]
	chromedriver!(No symbol) [0xec5406]
	chromedriver!(No symbol) [0xe98659]
	chromedriver!(No symbol) [0xe99424]
	chromedriver!GetHandleVerifier [0x12eced6+2a7f16]
	chromedriver!GetHandleVerifier [0x12e847b+2a34bb]
	chromedriver!GetHandleVerifier [0x13094eb+2c452b]
	chromedriver!GetHandleVerifier [0x106f566+2a5a6]
	chromedriver!GetHandleVerifier [0x107620d+3124d]
	chromedriver!GetHandleVerifier [0x105e318+19358]
	chromedriver!GetHandleVerifier [0x105e4c5+19505]
	chromedriver!GetHandleVerifier [0x10470af+20ef]
	KERNEL32!BaseThreadInitThunk [0x75bc5d49+19]
	ntdll!RtlInitializeExceptionChain [0x77a3e00b+6b]
	ntdll!RtlGetAppContainerNamedObjectPath [0x77a3df91+231]

2026-08-01 23:47:33 - INFO - __main__ - [5/450] Procesando https://www.booking.com/hotel/es/casa-vista-bonita-polop.es.html
2026-08-01 23:47:33 - INFO - __main__ - Scrapeando establecimiento: https://www.booking.com/hotel/es/casa-vista-bonita-polop.es.html
2026-08-01 23:48:04 - INFO - __main__ -   Banner de cookies cerrado.
2026-08-01 23:48:07 - WARNING - __main__ -   Descartado (no es Tenerife): 'Casa Vista Bonita' (https://www.booking.com/hotel/es/casa-vista-bonita-polop.es.html) no está en Tenerife según el breadcrumb — descartado.
2026-08-01 23:48:11 - INFO - __main__ - [6/450] Procesando https://www.booking.com/hotel/es/residencial-ayraga.es.html
2026-08-01 23:48:11 - INFO - __main__ - Scrapeando establecimiento: https://www.booking.com/hotel/es/residencial-ayraga.es.html
2026-08-01 23:48:26 - INFO - __main__ -   Banner de cookies cerrado.
2026-08-01 23:48:29 - WARNING - __main__ -   Descartado (no es Tenerife): 'Residencial Ayraga' (https://www.booking.com/hotel/es/residencial-ayraga.es.html) no está en Tenerife según el breadcrumb — descartado.
2026-08-01 23:48:37 - INFO - __main__ - [7/450] Procesando https://www.booking.com/hotel/es/cozy-studio-with-balcony-in-puerto-de-la-cruz.es.html
2026-08-01 23:48:37 - INFO - __main__ - Scrapeando establecimiento: https://www.booking.com/hotel/es/cozy-studio-with-balcony-in-puerto-de-la-cruz.es.html
2026-08-01 23:48:52 - INFO - __main__ -   Banner de cookies cerrado.
2026-08-01 23:48:54 - INFO - __main__ -   Reintentando solo con código postal + ciudad: '38400 Puerto de la Cruz, España'
2026-08-01 23:48:59 - INFO - __main__ -   Banner de cookies cerrado.
2026-08-01 23:49:06 - INFO - __main__ -   Página 1: 10 reseñas (10 acumuladas)
2026-08-01 23:49:12 - INFO - __main__ -   Página 2: 8 reseñas (18 acumuladas)
2026-08-01 23:49:16 - INFO - __main__ - Guardado completo: 1 establecimientos, 18 reseñas.
2026-08-01 23:49:24 - INFO - __main__ - [8/450] Procesando https://www.booking.com/hotel/es/nice-estudio-jaf-borinquen-sea-views-las-americas.es.html
2026-08-01 23:49:24 - INFO - __main__ - Scrapeando establecimiento: https://www.booking.com/hotel/es/nice-estudio-jaf-borinquen-sea-views-las-americas.es.html
2026-08-01 23:49:35 - INFO - __main__ -   Banner de cookies cerrado.
2026-08-01 23:49:37 - INFO - __main__ -   Reintentando solo con código postal + ciudad: '38660 Costa de Adeje, España'
2026-08-01 23:49:44 - INFO - __main__ -   Banner de cookies cerrado.
2026-08-01 23:49:50 - INFO - __main__ -   Página 1: 10 reseñas (10 acumuladas)
2026-08-01 23:49:56 - INFO - __main__ -   Página 2: 1 reseñas (11 acumuladas)
2026-08-01 23:49:59 - INFO - __main__ - Guardado completo: 1 establecimientos, 11 reseñas.
2026-08-01 23:50:03 - INFO - __main__ - [9/450] Procesando https://www.booking.com/hotel/es/live-guimar-los-piramides.es.html
2026-08-01 23:50:03 - INFO - __main__ - Scrapeando establecimiento: https://www.booking.com/hotel/es/live-guimar-los-piramides.es.html
2026-08-01 23:50:23 - INFO - __main__ -   Banner de cookies cerrado.
2026-08-01 23:50:33 - INFO - __main__ -   Banner de cookies cerrado.
2026-08-01 23:50:41 - INFO - __main__ -   Página 1: 10 reseñas (10 acumuladas)
2026-08-01 23:50:48 - INFO - __main__ -   Página 2: 3 reseñas (13 acumuladas)
2026-08-01 23:50:51 - INFO - __main__ - Guardado completo: 1 establecimientos, 13 reseñas.
2026-08-01 23:50:56 - INFO - __main__ - [10/450] Procesando https://www.booking.com/hotel/es/one-bedroom-apartment-alex-near-the-beach-costa-adeje.es.html
2026-08-01 23:50:56 - INFO - __main__ - Scrapeando establecimiento: https://www.booking.com/hotel/es/one-bedroom-apartment-alex-near-the-beach-costa-adeje.es.html
2026-08-01 23:51:07 - INFO - __main__ -   Banner de cookies cerrado.
2026-08-01 23:51:10 - INFO - __main__ -   Reintentando solo con código postal + ciudad: '38660 Costa de Adeje, España'
2026-08-01 23:51:14 - INFO - __main__ -   Banner de cookies cerrado.
2026-08-01 23:51:22 - INFO - __main__ -   Página 1: 10 reseñas (10 acumuladas)
2026-08-01 23:51:27 - INFO - __main__ -   Página 2: 1 reseñas (11 acumuladas)
2026-08-01 23:51:31 - INFO - __main__ - Guardado completo: 1 establecimientos, 11 reseñas.
2026-08-01 23:51:37 - INFO - __main__ - [11/450] Procesando https://www.booking.com/hotel/es/allo-apartments-santa-maria-iv-centro-loft.es.html
2026-08-01 23:51:37 - INFO - __main__ - Scrapeando establecimiento: https://www.booking.com/hotel/es/allo-apartments-santa-maria-iv-centro-loft.es.html
2026-08-01 23:51:47 - INFO - __main__ -   Banner de cookies cerrado.
2026-08-01 23:51:50 - WARNING - __main__ -   Descartado (no es Tenerife): 'Allo Apartments Santa María IV Centro Loft' (https://www.booking.com/hotel/es/allo-apartments-santa-maria-iv-centro-loft.es.html) no está en Tenerife según el breadcrumb — descartado.
2026-08-01 23:51:56 - INFO - __main__ - [12/450] Procesando https://www.booking.com/hotel/es/apartment-villas-canarias-2-bedroom-costa-adeje.es.html
2026-08-01 23:51:56 - INFO - __main__ - Scrapeando establecimiento: https://www.booking.com/hotel/es/apartment-villas-canarias-2-bedroom-costa-adeje.es.html
2026-08-01 23:52:11 - INFO - __main__ -   Banner de cookies cerrado.
2026-08-01 23:52:18 - INFO - __main__ -   Banner de cookies cerrado.
2026-08-01 23:52:25 - INFO - __main__ -   Página 1: 7 reseñas (7 acumuladas)
2026-08-01 23:52:25 - INFO - __main__ -   No hay más páginas de reseñas.
2026-08-01 23:52:27 - INFO - __main__ - Guardado completo: 1 establecimientos, 7 reseñas.
2026-08-01 23:52:32 - INFO - __main__ - [13/450] Procesando https://www.booking.com/hotel/es/laguna-rocher-by-fidalsa.es.html
2026-08-01 23:52:32 - INFO - __main__ - Scrapeando establecimiento: https://www.booking.com/hotel/es/laguna-rocher-by-fidalsa.es.html
2026-08-01 23:52:43 - INFO - __main__ -   Banner de cookies cerrado.
2026-08-01 23:52:47 - WARNING - __main__ -   Descartado (no es Tenerife): 'Laguna Rocher by Fidalsa' (https://www.booking.com/hotel/es/laguna-rocher-by-fidalsa.es.html) no está en Tenerife según el breadcrumb — descartado.
2026-08-01 23:52:53 - INFO - __main__ - [14/450] Procesando https://www.booking.com/hotel/es/la-cordobesa-el-sauzal.es.html
2026-08-01 23:52:53 - INFO - __main__ - Scrapeando establecimiento: https://www.booking.com/hotel/es/la-cordobesa-el-sauzal.es.html
2026-08-01 23:53:20 - INFO - __main__ -   Banner de cookies cerrado.
2026-08-01 23:53:26 - INFO - __main__ -   Banner de cookies cerrado.
2026-08-01 23:53:31 - INFO - __main__ -   Página 1: 3 reseñas (3 acumuladas)
2026-08-01 23:53:31 - INFO - __main__ -   No hay más páginas de reseñas.
2026-08-01 23:53:33 - INFO - __main__ - Guardado completo: 1 establecimientos, 3 reseñas.
2026-08-01 23:53:41 - INFO - __main__ - [15/450] Procesando https://www.booking.com/hotel/es/home4u-san-antonio-1-min-walk-to-beach.es.html
2026-08-01 23:53:41 - INFO - __main__ - Scrapeando establecimiento: https://www.booking.com/hotel/es/home4u-san-antonio-1-min-walk-to-beach.es.html
2026-08-01 23:53:56 - INFO - __main__ -   Banner de cookies cerrado.
2026-08-01 23:53:59 - WARNING - __main__ -   Descartado (no es Tenerife): 'Home4U San Antonio - 1 min Walk to Beach' (https://www.booking.com/hotel/es/home4u-san-antonio-1-min-walk-to-beach.es.html) no está en Tenerife según el breadcrumb — descartado.
2026-08-01 23:54:02 - INFO - __main__ - [16/450] Procesando https://www.booking.com/hotel/es/apartamento-olinda-playa-y-piscina-en-calafell.es.html
2026-08-01 23:54:02 - INFO - __main__ - Scrapeando establecimiento: https://www.booking.com/hotel/es/apartamento-olinda-playa-y-piscina-en-calafell.es.html
2026-08-01 23:54:23 - INFO - __main__ -   Banner de cookies cerrado.
2026-08-01 23:54:26 - WARNING - __main__ -   Descartado (no es Tenerife): 'Apartamento Olinda - Playa y Piscina en Calafell' (https://www.booking.com/hotel/es/apartamento-olinda-playa-y-piscina-en-calafell.es.html) no está en Tenerife según el breadcrumb — descartado.
2026-08-01 23:54:31 - INFO - __main__ - [17/450] Procesando https://www.booking.com/hotel/es/apartamento-laplaza-villamartin.es.html
2026-08-01 23:54:31 - INFO - __main__ - Scrapeando establecimiento: https://www.booking.com/hotel/es/apartamento-laplaza-villamartin.es.html
2026-08-01 23:54:46 - INFO - __main__ -   Banner de cookies cerrado.
2026-08-01 23:54:49 - WARNING - __main__ -   Descartado (no es Tenerife): 'Villamartin Plaza Duplex with Rooftop Sun Terrace Golf 2min' (https://www.booking.com/hotel/es/apartamento-laplaza-villamartin.es.html) no está en Tenerife según el breadcrumb — descartado.
2026-08-01 23:54:53 - INFO - __main__ - [18/450] Procesando https://www.booking.com/hotel/es/la-caleta-beach-amp-falla-theater-suites.es.html
2026-08-01 23:54:53 - INFO - __main__ - Scrapeando establecimiento: https://www.booking.com/hotel/es/la-caleta-beach-amp-falla-theater-suites.es.html
2026-08-01 23:55:09 - INFO - __main__ -   Banner de cookies cerrado.
2026-08-01 23:55:12 - WARNING - __main__ -   Descartado (no es Tenerife): 'Hidden Gem GRAN TEATRO FALLA SUITES by ApartmentsinCadiz' (https://www.booking.com/hotel/es/la-caleta-beach-amp-falla-theater-suites.es.html) no está en Tenerife según el breadcrumb — descartado.
2026-08-01 23:55:17 - INFO - __main__ - [19/450] Procesando https://www.booking.com/hotel/es/s26-reina-victoria.es.html
2026-08-01 23:55:17 - INFO - __main__ - Scrapeando establecimiento: https://www.booking.com/hotel/es/s26-reina-victoria.es.html
2026-08-01 23:55:35 - INFO - __main__ -   Banner de cookies cerrado.
2026-08-01 23:55:39 - WARNING - __main__ -   Descartado (no es Tenerife): 'AT Boutique Alma' (https://www.booking.com/hotel/es/s26-reina-victoria.es.html) no está en Tenerife según el breadcrumb — descartado.
2026-08-01 23:55:44 - INFO - __main__ - [20/450] Procesando https://www.booking.com/hotel/es/apartamento-deluxe-1-room-piscina-parking-luxsevilla-bormujos.es.html
2026-08-01 23:55:44 - INFO - __main__ - Scrapeando establecimiento: https://www.booking.com/hotel/es/apartamento-deluxe-1-room-piscina-parking-luxsevilla-bormujos.es.html
2026-08-01 23:55:59 - INFO - __main__ -   Banner de cookies cerrado.
2026-08-01 23:56:03 - WARNING - __main__ -   Descartado (no es Tenerife): 'Apartamento Deluxe 2 Room Piscina Parking LuxSevilla Bormujos' (https://www.booking.com/hotel/es/apartamento-deluxe-1-room-piscina-parking-luxsevilla-bormujos.es.html) no está en Tenerife según el breadcrumb — descartado.
2026-08-01 23:56:06 - INFO - __main__ - [21/450] Procesando https://www.booking.com/hotel/es/ocean-view-quintanilla.es.html
2026-08-01 23:56:06 - INFO - __main__ - Scrapeando establecimiento: https://www.booking.com/hotel/es/ocean-view-quintanilla.es.html
2026-08-01 23:56:20 - INFO - __main__ -   Banner de cookies cerrado.
2026-08-01 23:56:23 - WARNING - __main__ -   Descartado (no es Tenerife): 'Ocean View Quintanilla' (https://www.booking.com/hotel/es/ocean-view-quintanilla.es.html) no está en Tenerife según el breadcrumb — descartado.
2026-08-01 23:56:30 - INFO - __main__ - [22/450] Procesando https://www.booking.com/hotel/es/apartamento-los-olivos-huesca.es.html
2026-08-01 23:56:30 - INFO - __main__ - Scrapeando establecimiento: https://www.booking.com/hotel/es/apartamento-los-olivos-huesca.es.html
2026-08-01 23:56:48 - INFO - __main__ -   Banner de cookies cerrado.
2026-08-01 23:56:52 - WARNING - __main__ -   Descartado (no es Tenerife): 'Apartamento Los Olivos' (https://www.booking.com/hotel/es/apartamento-los-olivos-huesca.es.html) no está en Tenerife según el breadcrumb — descartado.
2026-08-01 23:56:55 - INFO - __main__ - [23/450] Procesando https://www.booking.com/hotel/es/posada-finca-fuentes-carrionas.es.html
2026-08-01 23:56:55 - INFO - __main__ - Scrapeando establecimiento: https://www.booking.com/hotel/es/posada-finca-fuentes-carrionas.es.html
2026-08-01 23:57:12 - WARNING - __main__ -   Descartado (no es Tenerife): 'Hotel Posada Fuentes Carrionas' (https://www.booking.com/hotel/es/posada-finca-fuentes-carrionas.es.html) no está en Tenerife según el breadcrumb — descartado.
2026-08-01 23:57:18 - INFO - __main__ - [24/450] Procesando https://www.booking.com/hotel/es/your-dream-place-amarilla-golf.es.html
2026-08-01 23:57:18 - INFO - __main__ - Scrapeando establecimiento: https://www.booking.com/hotel/es/your-dream-place-amarilla-golf.es.html
2026-08-01 23:57:33 - INFO - __main__ -   Banner de cookies cerrado.
2026-08-01 23:57:38 - INFO - __main__ -   Banner de cookies cerrado.
2026-08-01 23:57:47 - INFO - __main__ -   Página 1: 2 reseñas (2 acumuladas)
2026-08-01 23:57:47 - INFO - __main__ -   No hay más páginas de reseñas.
2026-08-01 23:57:55 - INFO - __main__ - Guardado completo: 1 establecimientos, 2 reseñas.
2026-08-01 23:58:01 - INFO - __main__ - [25/450] Procesando https://www.booking.com/hotel/es/los-patios-de-feria-jardin-secreto.es.html
2026-08-01 23:58:01 - INFO - __main__ - Scrapeando establecimiento: https://www.booking.com/hotel/es/los-patios-de-feria-jardin-secreto.es.html
2026-08-01 23:58:24 - INFO - __main__ -   Banner de cookies cerrado.
2026-08-01 23:58:27 - WARNING - __main__ -   Descartado (no es Tenerife): 'Los Patios de Feria - Secret Garden' (https://www.booking.com/hotel/es/los-patios-de-feria-jardin-secreto.es.html) no está en Tenerife según el breadcrumb — descartado.
2026-08-01 23:58:32 - INFO - __main__ - [26/450] Procesando https://www.booking.com/hotel/es/starfish-san-juan.es.html
2026-08-01 23:58:32 - INFO - __main__ - Scrapeando establecimiento: https://www.booking.com/hotel/es/starfish-san-juan.es.html
2026-08-01 23:58:47 - INFO - __main__ -   Banner de cookies cerrado.
2026-08-01 23:58:57 - INFO - __main__ -   Banner de cookies cerrado.
2026-08-01 23:59:06 - INFO - __main__ -   Página 1: 10 reseñas (10 acumuladas)
2026-08-01 23:59:10 - INFO - __main__ -   Página 2: 1 reseñas (11 acumuladas)
2026-08-01 23:59:13 - INFO - __main__ - Guardado completo: 1 establecimientos, 11 reseñas.
2026-08-01 23:59:19 - INFO - __main__ - [27/450] Procesando https://www.booking.com/hotel/es/la-casa-de-la-vieja-bodega.es.html
2026-08-01 23:59:19 - INFO - __main__ - Scrapeando establecimiento: https://www.booking.com/hotel/es/la-casa-de-la-vieja-bodega.es.html
2026-08-01 23:59:32 - INFO - __main__ -   Banner de cookies cerrado.
2026-08-01 23:59:36 - WARNING - __main__ -   Descartado (no es Tenerife): 'La Casa de la Antigua Bodega' (https://www.booking.com/hotel/es/la-casa-de-la-vieja-bodega.es.html) no está en Tenerife según el breadcrumb — descartado.
2026-08-01 23:59:39 - INFO - __main__ - [28/450] Procesando https://www.booking.com/hotel/es/7-bdr-14-p-holiday-house-with-big-terrace.es.html
2026-08-01 23:59:39 - INFO - __main__ - Scrapeando establecimiento: https://www.booking.com/hotel/es/7-bdr-14-p-holiday-house-with-big-terrace.es.html
2026-08-01 23:59:54 - INFO - __main__ -   Banner de cookies cerrado.
2026-08-01 23:59:56 - INFO - __main__ -   Reintentando solo con código postal + ciudad: '38687 Guía de Isora, España'
2026-08-02 00:00:01 - INFO - __main__ -   Banner de cookies cerrado.
2026-08-02 00:00:07 - INFO - __main__ -   Página 1: 10 reseñas (10 acumuladas)
2026-08-02 00:00:15 - INFO - __main__ -   Página 2: 1 reseñas (11 acumuladas)
2026-08-02 00:00:18 - INFO - __main__ - Guardado completo: 1 establecimientos, 11 reseñas.
2026-08-02 00:00:26 - INFO - __main__ - [29/450] Procesando https://www.booking.com/hotel/es/holiday-home-amigos-by-interhome.es.html
2026-08-02 00:00:26 - INFO - __main__ - Scrapeando establecimiento: https://www.booking.com/hotel/es/holiday-home-amigos-by-interhome.es.html
2026-08-02 00:00:46 - INFO - __main__ -   Banner de cookies cerrado.
2026-08-02 00:00:49 - WARNING - __main__ -   Descartado (no es Tenerife): 'Holiday Home Amigos by Interhome' (https://www.booking.com/hotel/es/holiday-home-amigos-by-interhome.es.html) no está en Tenerife según el breadcrumb — descartado.
2026-08-02 00:00:55 - INFO - __main__ - [30/450] Procesando https://www.booking.com/hotel/es/candelaria-sea-music.es.html
2026-08-02 00:00:55 - INFO - __main__ - Scrapeando establecimiento: https://www.booking.com/hotel/es/candelaria-sea-music.es.html
2026-08-02 00:01:18 - INFO - __main__ -   Banner de cookies cerrado.
2026-08-02 00:01:20 - INFO - __main__ -   Reintentando solo con código postal + ciudad: '38530 Candelaria, España'
2026-08-02 00:01:25 - INFO - __main__ -   Banner de cookies cerrado.
2026-08-02 00:01:56 - ERROR - __main__ - Timeout esperando elementos en https://www.booking.com/hotel/es/candelaria-sea-music.es.html: Message: 
Stacktrace:
	chromedriver!GetHandleVerifier [0x11d5843+10883]
	chromedriver!GetHandleVerifier [0x11d5884+108c4]
	chromedriver!(No symbol) [0xfd90e0]
	chromedriver!(No symbol) [0x102316b]
	chromedriver!(No symbol) [0x102338b]
	chromedriver!(No symbol) [0x1065942]
	chromedriver!(No symbol) [0x10456b4]
	chromedriver!(No symbol) [0x10631aa]
	chromedriver!(No symbol) [0x1045406]
	chromedriver!(No symbol) [0x1018659]
	chromedriver!(No symbol) [0x1019424]
	chromedriver!GetHandleVerifier [0x146ced6+2a7f16]
	chromedriver!GetHandleVerifier [0x146847b+2a34bb]
	chromedriver!GetHandleVerifier [0x14894eb+2c452b]
	chromedriver!GetHandleVerifier [0x11ef566+2a5a6]
	chromedriver!GetHandleVerifier [0x11f620d+3124d]
	chromedriver!GetHandleVerifier [0x11de318+19358]
	chromedriver!GetHandleVerifier [0x11de4c5+19505]
	chromedriver!GetHandleVerifier [0x11c70af+20ef]
	KERNEL32!BaseThreadInitThunk [0x75bc5d49+19]
	ntdll!RtlInitializeExceptionChain [0x77a3e00b+6b]
	ntdll!RtlGetAppContainerNamedObjectPath [0x77a3df91+231]

2026-08-02 00:01:59 - ERROR - __main__ - Error procesando https://www.booking.com/hotel/es/candelaria-sea-music.es.html: Message: 
Stacktrace:
	chromedriver!GetHandleVerifier [0x11d5843+10883]
	chromedriver!GetHandleVerifier [0x11d5884+108c4]
	chromedriver!(No symbol) [0xfd90e0]
	chromedriver!(No symbol) [0x102316b]
	chromedriver!(No symbol) [0x102338b]
	chromedriver!(No symbol) [0x1065942]
	chromedriver!(No symbol) [0x10456b4]
	chromedriver!(No symbol) [0x10631aa]
	chromedriver!(No symbol) [0x1045406]
	chromedriver!(No symbol) [0x1018659]
	chromedriver!(No symbol) [0x1019424]
	chromedriver!GetHandleVerifier [0x146ced6+2a7f16]
	chromedriver!GetHandleVerifier [0x146847b+2a34bb]
	chromedriver!GetHandleVerifier [0x14894eb+2c452b]
	chromedriver!GetHandleVerifier [0x11ef566+2a5a6]
	chromedriver!GetHandleVerifier [0x11f620d+3124d]
	chromedriver!GetHandleVerifier [0x11de318+19358]
	chromedriver!GetHandleVerifier [0x11de4c5+19505]
	chromedriver!GetHandleVerifier [0x11c70af+20ef]
	KERNEL32!BaseThreadInitThunk [0x75bc5d49+19]
	ntdll!RtlInitializeExceptionChain [0x77a3e00b+6b]
	ntdll!RtlGetAppContainerNamedObjectPath [0x77a3df91+231]

2026-08-02 00:01:59 - INFO - __main__ - [31/450] Procesando https://www.booking.com/hotel/es/tenohomes-spacious-home-retreat-icod-de-los-vinos.es.html
2026-08-02 00:01:59 - INFO - __main__ - Scrapeando establecimiento: https://www.booking.com/hotel/es/tenohomes-spacious-home-retreat-icod-de-los-vinos.es.html
2026-08-02 00:02:18 - INFO - __main__ -   Banner de cookies cerrado.
2026-08-02 00:02:26 - INFO - __main__ -   Página 1: 7 reseñas (7 acumuladas)
2026-08-02 00:02:26 - INFO - __main__ -   No hay más páginas de reseñas.
2026-08-02 00:02:29 - INFO - __main__ - Guardado completo: 1 establecimientos, 7 reseñas.
2026-08-02 00:02:37 - INFO - __main__ - [32/450] Procesando https://www.booking.com/hotel/es/live-la-caleta-las-salinas-con-vista-al-mar-2.es.html
2026-08-02 00:02:37 - INFO - __main__ - Scrapeando establecimiento: https://www.booking.com/hotel/es/live-la-caleta-las-salinas-con-vista-al-mar-2.es.html
2026-08-02 00:02:47 - INFO - __main__ -   Banner de cookies cerrado.
2026-08-02 00:02:49 - INFO - __main__ -   Reintentando solo con código postal + ciudad: '38460 Los Silos, España'
2026-08-02 00:02:53 - INFO - __main__ -   Banner de cookies cerrado.
2026-08-02 00:03:01 - INFO - __main__ -   Página 1: 7 reseñas (7 acumuladas)
2026-08-02 00:03:01 - INFO - __main__ -   No hay más páginas de reseñas.
2026-08-02 00:03:04 - INFO - __main__ - Guardado completo: 1 establecimientos, 7 reseñas.
2026-08-02 00:03:10 - INFO - __main__ - [33/450] Procesando https://www.booking.com/hotel/es/precioso-apartamento-santa-cruz.es.html
2026-08-02 00:03:10 - INFO - __main__ - Scrapeando establecimiento: https://www.booking.com/hotel/es/precioso-apartamento-santa-cruz.es.html
2026-08-02 00:03:20 - INFO - __main__ -   Banner de cookies cerrado.
2026-08-02 00:03:28 - INFO - __main__ -   Banner de cookies cerrado.
2026-08-02 00:03:36 - INFO - __main__ -   Página 1: 9 reseñas (9 acumuladas)
2026-08-02 00:03:36 - INFO - __main__ -   No hay más páginas de reseñas.
2026-08-02 00:03:39 - INFO - __main__ - Guardado completo: 1 establecimientos, 9 reseñas.
2026-08-02 00:03:44 - INFO - __main__ - [34/450] Procesando https://www.booking.com/hotel/es/city-center-apartment-santa-cruz-de-tenerife.es.html
2026-08-02 00:03:44 - INFO - __main__ - Scrapeando establecimiento: https://www.booking.com/hotel/es/city-center-apartment-santa-cruz-de-tenerife.es.html
2026-08-02 00:04:06 - INFO - __main__ -   Banner de cookies cerrado.
2026-08-02 00:04:16 - INFO - __main__ -   Banner de cookies cerrado.
2026-08-02 00:04:25 - INFO - __main__ -   Página 1: 4 reseñas (4 acumuladas)
2026-08-02 00:04:25 - INFO - __main__ -   No hay más páginas de reseñas.
2026-08-02 00:04:28 - INFO - __main__ - Guardado completo: 1 establecimientos, 4 reseñas.
2026-08-02 00:04:33 - INFO - __main__ - [35/450] Procesando https://www.booking.com/hotel/es/practico-loft-en-santa-cruz.es.html
2026-08-02 00:04:33 - INFO - __main__ - Scrapeando establecimiento: https://www.booking.com/hotel/es/practico-loft-en-santa-cruz.es.html
2026-08-02 00:04:48 - INFO - __main__ -   Banner de cookies cerrado.
2026-08-02 00:04:53 - INFO - __main__ -   Banner de cookies cerrado.
2026-08-02 00:05:03 - INFO - __main__ -   Página 1: 3 reseñas (3 acumuladas)
2026-08-02 00:05:03 - INFO - __main__ -   No hay más páginas de reseñas.
2026-08-02 00:05:07 - INFO - __main__ - Guardado completo: 1 establecimientos, 3 reseñas.
2026-08-02 00:05:13 - INFO - __main__ - [36/450] Procesando https://www.booking.com/hotel/es/apartamento-practico-en-santa-cruz.es.html
2026-08-02 00:05:13 - INFO - __main__ - Scrapeando establecimiento: https://www.booking.com/hotel/es/apartamento-practico-en-santa-cruz.es.html
2026-08-02 00:05:29 - INFO - __main__ -   Banner de cookies cerrado.
2026-08-02 00:05:35 - INFO - __main__ -   Banner de cookies cerrado.
2026-08-02 00:05:43 - INFO - __main__ -   Página 1: 4 reseñas (4 acumuladas)
2026-08-02 00:05:43 - INFO - __main__ -   No hay más páginas de reseñas.
2026-08-02 00:05:50 - INFO - __main__ - Guardado completo: 1 establecimientos, 4 reseñas.
2026-08-02 00:05:54 - INFO - __main__ - [37/450] Procesando https://www.booking.com/hotel/es/estudio-centrico-santa-cruz.es.html
2026-08-02 00:05:54 - INFO - __main__ - Scrapeando establecimiento: https://www.booking.com/hotel/es/estudio-centrico-santa-cruz.es.html
2026-08-02 00:06:11 - INFO - __main__ -   Banner de cookies cerrado.
2026-08-02 00:06:22 - INFO - __main__ -   Banner de cookies cerrado.
2026-08-02 00:06:28 - INFO - __main__ -   Página 1: 4 reseñas (4 acumuladas)
2026-08-02 00:06:28 - INFO - __main__ -   No hay más páginas de reseñas.
2026-08-02 00:06:34 - INFO - __main__ - Guardado completo: 1 establecimientos, 4 reseñas.
2026-08-02 00:06:38 - INFO - __main__ - [38/450] Procesando https://www.booking.com/hotel/es/apartamento-familiar-santa-cruz-de-tenerife.es.html
2026-08-02 00:06:38 - INFO - __main__ - Scrapeando establecimiento: https://www.booking.com/hotel/es/apartamento-familiar-santa-cruz-de-tenerife.es.html
2026-08-02 00:06:51 - INFO - __main__ -   Banner de cookies cerrado.
2026-08-02 00:07:01 - INFO - __main__ -   Banner de cookies cerrado.
2026-08-02 00:07:09 - INFO - __main__ -   Página 1: 6 reseñas (6 acumuladas)
2026-08-02 00:07:09 - INFO - __main__ -   No hay más páginas de reseñas.
2026-08-02 00:07:15 - INFO - __main__ - Guardado completo: 1 establecimientos, 6 reseñas.
2026-08-02 00:07:21 - INFO - __main__ - [39/450] Procesando https://www.booking.com/hotel/es/apartamento-santa-cruz-de-tenerife-santa-cruz-de-tenerife.es.html
2026-08-02 00:07:21 - INFO - __main__ - Scrapeando establecimiento: https://www.booking.com/hotel/es/apartamento-santa-cruz-de-tenerife-santa-cruz-de-tenerife.es.html
2026-08-02 00:07:34 - INFO - __main__ -   Banner de cookies cerrado.
2026-08-02 00:07:41 - INFO - __main__ -   Banner de cookies cerrado.
2026-08-02 00:07:49 - INFO - __main__ -   Página 1: 9 reseñas (9 acumuladas)
2026-08-02 00:07:49 - INFO - __main__ -   No hay más páginas de reseñas.
2026-08-02 00:07:53 - INFO - __main__ - Guardado completo: 1 establecimientos, 9 reseñas.
2026-08-02 00:07:57 - INFO - __main__ - [40/450] Procesando https://www.booking.com/hotel/es/apartamento-acogedor-santa-cruz.es.html
2026-08-02 00:07:57 - INFO - __main__ - Scrapeando establecimiento: https://www.booking.com/hotel/es/apartamento-acogedor-santa-cruz.es.html
2026-08-02 00:08:08 - INFO - __main__ -   Banner de cookies cerrado.
2026-08-02 00:08:13 - INFO - __main__ -   Banner de cookies cerrado.
2026-08-02 00:08:20 - INFO - __main__ -   Página 1: 6 reseñas (6 acumuladas)
2026-08-02 00:08:20 - INFO - __main__ -   No hay más páginas de reseñas.
2026-08-02 00:08:27 - INFO - __main__ - Guardado completo: 1 establecimientos, 6 reseñas.
2026-08-02 00:08:33 - INFO - __main__ - [41/450] Procesando https://www.booking.com/hotel/es/piso-en-pleno-centro-santa-cruz-de-tenerife.es.html
2026-08-02 00:08:33 - INFO - __main__ - Scrapeando establecimiento: https://www.booking.com/hotel/es/piso-en-pleno-centro-santa-cruz-de-tenerife.es.html
2026-08-02 00:08:45 - INFO - __main__ -   Banner de cookies cerrado.
2026-08-02 00:08:50 - INFO - __main__ -   Banner de cookies cerrado.
2026-08-02 00:08:58 - INFO - __main__ -   Página 1: 3 reseñas (3 acumuladas)
2026-08-02 00:08:58 - INFO - __main__ -   No hay más páginas de reseñas.
2026-08-02 00:09:01 - INFO - __main__ - Guardado completo: 1 establecimientos, 3 reseñas.
2026-08-02 00:09:05 - INFO - __main__ - [42/450] Procesando https://www.booking.com/hotel/es/apartamento-zona-residencia-con-piscina-cerca-de-las-playas-en-santander.es.html
2026-08-02 00:09:05 - INFO - __main__ - Scrapeando establecimiento: https://www.booking.com/hotel/es/apartamento-zona-residencia-con-piscina-cerca-de-las-playas-en-santander.es.html
2026-08-02 00:09:23 - INFO - __main__ -   Banner de cookies cerrado.
2026-08-02 00:09:26 - WARNING - __main__ -   Descartado (no es Tenerife): 'Apartamento, zona residencia con piscina, cerca de las playas en Santander' (https://www.booking.com/hotel/es/apartamento-zona-residencia-con-piscina-cerca-de-las-playas-en-santander.es.html) no está en Tenerife según el breadcrumb — descartado.
2026-08-02 00:09:33 - INFO - __main__ - [43/450] Procesando https://www.booking.com/hotel/es/casa-calma-mar-menor-golf-resort.es.html
2026-08-02 00:09:33 - INFO - __main__ - Scrapeando establecimiento: https://www.booking.com/hotel/es/casa-calma-mar-menor-golf-resort.es.html
2026-08-02 00:09:52 - WARNING - __main__ -   Descartado (no es Tenerife): 'Casa Calma - Mar Menor Golf Resort' (https://www.booking.com/hotel/es/casa-calma-mar-menor-golf-resort.es.html) no está en Tenerife según el breadcrumb — descartado.
2026-08-02 00:09:58 - INFO - __main__ - [44/450] Procesando https://www.booking.com/hotel/es/apartamento-victoria-amp-parking-incluido.es.html
2026-08-02 00:09:58 - INFO - __main__ - Scrapeando establecimiento: https://www.booking.com/hotel/es/apartamento-victoria-amp-parking-incluido.es.html
2026-08-02 00:10:18 - INFO - __main__ -   Banner de cookies cerrado.
2026-08-02 00:10:21 - WARNING - __main__ -   Descartado (no es Tenerife): 'Cordoba Essence, Parking incluido junto al centro y casco histórico' (https://www.booking.com/hotel/es/apartamento-victoria-amp-parking-incluido.es.html) no está en Tenerife según el breadcrumb — descartado.
2026-08-02 00:10:29 - INFO - __main__ - [45/450] Procesando https://www.booking.com/hotel/es/apartamento-dejavu-torrelaguna.es.html
2026-08-02 00:10:29 - INFO - __main__ - Scrapeando establecimiento: https://www.booking.com/hotel/es/apartamento-dejavu-torrelaguna.es.html
2026-08-02 00:10:47 - WARNING - __main__ -   Descartado (no es Tenerife): 'Apartamento Torrelaguna Las Marinas,Vera -250 m Playa - 2 Dormitorios - Piscina - Mascotas' (https://www.booking.com/hotel/es/apartamento-dejavu-torrelaguna.es.html) no está en Tenerife según el breadcrumb — descartado.
2026-08-02 00:10:52 - INFO - __main__ - [46/450] Procesando https://www.booking.com/hotel/es/luxury-villa-with-panorama-view-and-heated-pool.es.html
2026-08-02 00:10:52 - INFO - __main__ - Scrapeando establecimiento: https://www.booking.com/hotel/es/luxury-villa-with-panorama-view-and-heated-pool.es.html
2026-08-02 00:11:08 - INFO - __main__ -   Banner de cookies cerrado.
2026-08-02 00:11:11 - WARNING - __main__ -   Descartado (no es Tenerife): 'Luxury Villa with Panorama View and Heated Pool' (https://www.booking.com/hotel/es/luxury-villa-with-panorama-view-and-heated-pool.es.html) no está en Tenerife según el breadcrumb — descartado.
2026-08-02 00:11:15 - INFO - __main__ - [47/450] Procesando https://www.booking.com/hotel/es/lux-villa-d-with-heated-pool-ocean-view-costa-adeje.es.html
2026-08-02 00:11:15 - INFO - __main__ - Scrapeando establecimiento: https://www.booking.com/hotel/es/lux-villa-d-with-heated-pool-ocean-view-costa-adeje.es.html
2026-08-02 00:11:30 - INFO - __main__ -   Banner de cookies cerrado.
2026-08-02 00:11:32 - INFO - __main__ -   Reintentando solo con código postal + ciudad: '38660 Adeje, España'
2026-08-02 00:11:38 - INFO - __main__ -   Banner de cookies cerrado.
2026-08-02 00:11:44 - INFO - __main__ -   Página 1: 4 reseñas (4 acumuladas)
2026-08-02 00:11:44 - INFO - __main__ -   No hay más páginas de reseñas.
2026-08-02 00:11:50 - INFO - __main__ - Guardado completo: 1 establecimientos, 4 reseñas.
2026-08-02 00:11:57 - INFO - __main__ - [48/450] Procesando https://www.booking.com/hotel/es/la-era-adeje.es.html
2026-08-02 00:11:57 - INFO - __main__ - Scrapeando establecimiento: https://www.booking.com/hotel/es/la-era-adeje.es.html
2026-08-02 00:12:11 - INFO - __main__ -   Banner de cookies cerrado.
2026-08-02 00:12:20 - INFO - __main__ -   Banner de cookies cerrado.
2026-08-02 00:12:51 - ERROR - __main__ - Timeout esperando elementos en https://www.booking.com/hotel/es/la-era-adeje.es.html: Message: 
Stacktrace:
	chromedriver!GetHandleVerifier [0x11d5843+10883]
	chromedriver!GetHandleVerifier [0x11d5884+108c4]
	chromedriver!(No symbol) [0xfd90e0]
	chromedriver!(No symbol) [0x102316b]
	chromedriver!(No symbol) [0x102338b]
	chromedriver!(No symbol) [0x1065942]
	chromedriver!(No symbol) [0x10456b4]
	chromedriver!(No symbol) [0x10631aa]
	chromedriver!(No symbol) [0x1045406]
	chromedriver!(No symbol) [0x1018659]
	chromedriver!(No symbol) [0x1019424]
	chromedriver!GetHandleVerifier [0x146ced6+2a7f16]
	chromedriver!GetHandleVerifier [0x146847b+2a34bb]
	chromedriver!GetHandleVerifier [0x14894eb+2c452b]
	chromedriver!GetHandleVerifier [0x11ef566+2a5a6]
	chromedriver!GetHandleVerifier [0x11f620d+3124d]
	chromedriver!GetHandleVerifier [0x11de318+19358]
	chromedriver!GetHandleVerifier [0x11de4c5+19505]
	chromedriver!GetHandleVerifier [0x11c70af+20ef]
	KERNEL32!BaseThreadInitThunk [0x75bc5d49+19]
	ntdll!RtlInitializeExceptionChain [0x77a3e00b+6b]
	ntdll!RtlGetAppContainerNamedObjectPath [0x77a3df91+231]

2026-08-02 00:12:54 - ERROR - __main__ - Error procesando https://www.booking.com/hotel/es/la-era-adeje.es.html: Message: 
Stacktrace:
	chromedriver!GetHandleVerifier [0x11d5843+10883]
	chromedriver!GetHandleVerifier [0x11d5884+108c4]
	chromedriver!(No symbol) [0xfd90e0]
	chromedriver!(No symbol) [0x102316b]
	chromedriver!(No symbol) [0x102338b]
	chromedriver!(No symbol) [0x1065942]
	chromedriver!(No symbol) [0x10456b4]
	chromedriver!(No symbol) [0x10631aa]
	chromedriver!(No symbol) [0x1045406]
	chromedriver!(No symbol) [0x1018659]
	chromedriver!(No symbol) [0x1019424]
	chromedriver!GetHandleVerifier [0x146ced6+2a7f16]
	chromedriver!GetHandleVerifier [0x146847b+2a34bb]
	chromedriver!GetHandleVerifier [0x14894eb+2c452b]
	chromedriver!GetHandleVerifier [0x11ef566+2a5a6]
	chromedriver!GetHandleVerifier [0x11f620d+3124d]
	chromedriver!GetHandleVerifier [0x11de318+19358]
	chromedriver!GetHandleVerifier [0x11de4c5+19505]
	chromedriver!GetHandleVerifier [0x11c70af+20ef]
	KERNEL32!BaseThreadInitThunk [0x75bc5d49+19]
	ntdll!RtlInitializeExceptionChain [0x77a3e00b+6b]
	ntdll!RtlGetAppContainerNamedObjectPath [0x77a3df91+231]

2026-08-02 00:12:54 - INFO - __main__ - [49/450] Procesando https://www.booking.com/hotel/es/villa-at-parque-santiago-2-playa-las-americas.es.html
2026-08-02 00:12:54 - INFO - __main__ - Scrapeando establecimiento: https://www.booking.com/hotel/es/villa-at-parque-santiago-2-playa-las-americas.es.html
2026-08-02 00:13:09 - INFO - __main__ -   Banner de cookies cerrado.
2026-08-02 00:13:11 - INFO - __main__ -   Reintentando solo con código postal + ciudad: '38660 Playa de las Américas, España'
2026-08-02 00:13:17 - INFO - __main__ -   Banner de cookies cerrado.
2026-08-02 00:13:25 - INFO - __main__ -   Página 1: 7 reseñas (7 acumuladas)
2026-08-02 00:13:25 - INFO - __main__ -   No hay más páginas de reseñas.
2026-08-02 00:13:29 - INFO - __main__ - Guardado completo: 1 establecimientos, 7 reseñas.
2026-08-02 00:13:32 - INFO - __main__ - [50/450] Procesando https://www.booking.com/hotel/es/apartamento-juan-vista-piscina-y-mar.es.html
2026-08-02 00:13:32 - INFO - __main__ - Scrapeando establecimiento: https://www.booking.com/hotel/es/apartamento-juan-vista-piscina-y-mar.es.html
2026-08-02 00:13:44 - INFO - __main__ -   Banner de cookies cerrado.
2026-08-02 00:13:47 - WARNING - __main__ -   Descartado (no es Tenerife): 'Apartamento Juan vista piscina y mar' (https://www.booking.com/hotel/es/apartamento-juan-vista-piscina-y-mar.es.html) no está en Tenerife según el breadcrumb — descartado.
2026-08-02 00:13:52 - INFO - __main__ - [51/450] Procesando https://www.booking.com/hotel/es/magical-cave-in-spain-boutique-luxury-stay-in-nature.es.html
2026-08-02 00:13:52 - INFO - __main__ - Scrapeando establecimiento: https://www.booking.com/hotel/es/magical-cave-in-spain-boutique-luxury-stay-in-nature.es.html
2026-08-02 00:14:06 - INFO - __main__ -   Banner de cookies cerrado.
2026-08-02 00:14:10 - WARNING - __main__ -   Descartado (no es Tenerife): 'Magical Cave in Spain - Boutique Luxury Stay in Nature' (https://www.booking.com/hotel/es/magical-cave-in-spain-boutique-luxury-stay-in-nature.es.html) no está en Tenerife según el breadcrumb — descartado.
2026-08-02 00:14:13 - INFO - __main__ - [52/450] Procesando https://www.booking.com/hotel/es/florida-home-private-pool-and-jacuzzi.es.html
2026-08-02 00:14:13 - INFO - __main__ - Scrapeando establecimiento: https://www.booking.com/hotel/es/florida-home-private-pool-and-jacuzzi.es.html
2026-08-02 00:14:29 - INFO - __main__ -   Banner de cookies cerrado.
2026-08-02 00:14:32 - WARNING - __main__ -   Descartado (no es Tenerife): 'Florida Home Private pool and Jacuzzi' (https://www.booking.com/hotel/es/florida-home-private-pool-and-jacuzzi.es.html) no está en Tenerife según el breadcrumb — descartado.
2026-08-02 00:14:40 - INFO - __main__ - [53/450] Procesando https://www.booking.com/hotel/es/piscina-y-balcon-con-vistas-cerca-playa-antolin.es.html
2026-08-02 00:14:40 - INFO - __main__ - Scrapeando establecimiento: https://www.booking.com/hotel/es/piscina-y-balcon-con-vistas-cerca-playa-antolin.es.html
2026-08-02 00:14:54 - INFO - __main__ -   Banner de cookies cerrado.
2026-08-02 00:14:58 - WARNING - __main__ -   Descartado (no es Tenerife): 'Apartamento con Piscina y Hermosas Vistas a la Naturaleza - Posada de Llanes' (https://www.booking.com/hotel/es/piscina-y-balcon-con-vistas-cerca-playa-antolin.es.html) no está en Tenerife según el breadcrumb — descartado.
2026-08-02 00:15:02 - INFO - __main__ - [54/450] Procesando https://www.booking.com/hotel/es/casa-astrid-icod-de-los-vinos.es.html
2026-08-02 00:15:02 - INFO - __main__ - Scrapeando establecimiento: https://www.booking.com/hotel/es/casa-astrid-icod-de-los-vinos.es.html
2026-08-02 00:15:26 - INFO - __main__ -   Banner de cookies cerrado.
2026-08-02 00:15:35 - INFO - __main__ -   Banner de cookies cerrado.
2026-08-02 00:15:40 - INFO - __main__ -   Página 1: 1 reseñas (1 acumuladas)
2026-08-02 00:15:40 - INFO - __main__ -   No hay más páginas de reseñas.
2026-08-02 00:15:44 - INFO - __main__ - Guardado completo: 1 establecimientos, 1 reseñas.
2026-08-02 00:15:49 - INFO - __main__ - [55/450] Procesando https://www.booking.com/hotel/es/apartamento-victoria-mogan.es.html
2026-08-02 00:15:49 - INFO - __main__ - Scrapeando establecimiento: https://www.booking.com/hotel/es/apartamento-victoria-mogan.es.html
2026-08-02 00:16:08 - INFO - __main__ -   Banner de cookies cerrado.
2026-08-02 00:16:12 - WARNING - __main__ -   Descartado (no es Tenerife): 'Apartamento Victoria' (https://www.booking.com/hotel/es/apartamento-victoria-mogan.es.html) no está en Tenerife según el breadcrumb — descartado.
2026-08-02 00:16:19 - INFO - __main__ - [56/450] Procesando https://www.booking.com/hotel/es/villa-cush-adeje.es.html
2026-08-02 00:16:19 - INFO - __main__ - Scrapeando establecimiento: https://www.booking.com/hotel/es/villa-cush-adeje.es.html
2026-08-02 00:16:34 - INFO - __main__ -   Banner de cookies cerrado.
2026-08-02 00:16:40 - INFO - __main__ -   Banner de cookies cerrado.
2026-08-02 00:16:48 - INFO - __main__ -   Página 1: 3 reseñas (3 acumuladas)
2026-08-02 00:16:48 - INFO - __main__ -   No hay más páginas de reseñas.
2026-08-02 00:16:54 - INFO - __main__ - Guardado completo: 1 establecimientos, 3 reseñas.
2026-08-02 00:16:58 - INFO - __main__ - [57/450] Procesando https://www.booking.com/hotel/es/atico-con-piscina-en-la-rapita.es.html
2026-08-02 00:16:58 - INFO - __main__ - Scrapeando establecimiento: https://www.booking.com/hotel/es/atico-con-piscina-en-la-rapita.es.html
2026-08-02 00:17:11 - WARNING - __main__ -   Descartado (no es Tenerife): 'Ático con Piscina privada y Solarium en la Ràpita' (https://www.booking.com/hotel/es/atico-con-piscina-en-la-rapita.es.html) no está en Tenerife según el breadcrumb — descartado.
2026-08-02 00:17:18 - INFO - __main__ - [58/450] Procesando https://www.booking.com/hotel/es/la-casa-de-santa-maria-laredo.es.html
2026-08-02 00:17:18 - INFO - __main__ - Scrapeando establecimiento: https://www.booking.com/hotel/es/la-casa-de-santa-maria-laredo.es.html
2026-08-02 00:17:32 - INFO - __main__ -   Banner de cookies cerrado.
2026-08-02 00:17:35 - WARNING - __main__ -   Descartado (no es Tenerife): 'La Casa de Santa María de Laredo' (https://www.booking.com/hotel/es/la-casa-de-santa-maria-laredo.es.html) no está en Tenerife según el breadcrumb — descartado.
2026-08-02 00:17:42 - INFO - __main__ - [59/450] Procesando https://www.booking.com/hotel/es/vivienda-vacacional-sanxenxo.es.html
2026-08-02 00:17:42 - INFO - __main__ - Scrapeando establecimiento: https://www.booking.com/hotel/es/vivienda-vacacional-sanxenxo.es.html
2026-08-02 00:17:56 - INFO - __main__ -   Banner de cookies cerrado.
2026-08-02 00:17:59 - WARNING - __main__ -   Descartado (no es Tenerife): 'Vivienda vacacional' (https://www.booking.com/hotel/es/vivienda-vacacional-sanxenxo.es.html) no está en Tenerife según el breadcrumb — descartado.
2026-08-02 00:18:07 - INFO - __main__ - [60/450] Procesando https://www.booking.com/hotel/es/torres-de-yomely-y8a.es.html
2026-08-02 00:18:07 - INFO - __main__ - Scrapeando establecimiento: https://www.booking.com/hotel/es/torres-de-yomely-y8a.es.html
2026-08-02 00:18:22 - INFO - __main__ -   Banner de cookies cerrado.
2026-08-02 00:18:24 - INFO - __main__ -   Reintentando solo con código postal + ciudad: '38660 Playa de las Américas, España'
2026-08-02 00:18:28 - INFO - __main__ -   Banner de cookies cerrado.
2026-08-02 00:18:37 - INFO - __main__ -   Página 1: 10 reseñas (10 acumuladas)
2026-08-02 00:18:37 - INFO - __main__ -   No hay más páginas de reseñas.
2026-08-02 00:18:39 - INFO - __main__ - Guardado completo: 1 establecimientos, 10 reseñas.
2026-08-02 00:18:45 - INFO - __main__ - [61/450] Procesando https://www.booking.com/hotel/es/tranquil-studio-apartment-communal-heated-pool-los-cristianos.es.html
2026-08-02 00:18:45 - INFO - __main__ - Scrapeando establecimiento: https://www.booking.com/hotel/es/tranquil-studio-apartment-communal-heated-pool-los-cristianos.es.html
2026-08-02 09:10:24 - INFO - __main__ - === Iniciando scraper de Booking.com ===
2026-08-02 09:10:24 - INFO - __main__ - Usando caché de descubrimiento: C:\Users\jcabr\AI_Dashboard_Core\ingestion\scraping\sitemap_discovery_cache.json
2026-08-02 09:10:24 - INFO - __main__ - 107 establecimiento(s) ya completados en corridas anteriores, se omiten.
2026-08-02 09:10:24 - INFO - __main__ - [1/393] Procesando https://www.booking.com/hotel/es/puertito-azul-puertito-de-guimar.es.html
2026-08-02 09:10:24 - INFO - __main__ - Scrapeando establecimiento: https://www.booking.com/hotel/es/puertito-azul-puertito-de-guimar.es.html
2026-08-02 09:10:41 - INFO - __main__ -   Banner de cookies cerrado.
2026-08-02 09:51:20 - INFO - __main__ - === Iniciando scraper de Booking.com ===
2026-08-02 09:51:20 - INFO - __main__ - Usando caché de descubrimiento: C:\Users\jcabr\AI_Dashboard_Core\ingestion\scraping\sitemap_discovery_cache.json
2026-08-02 09:51:20 - INFO - __main__ - 107 establecimiento(s) ya completados en corridas anteriores, se omiten.
2026-08-02 09:51:20 - INFO - __main__ - [1/393] Procesando https://www.booking.com/hotel/es/puertito-azul-puertito-de-guimar.es.html
2026-08-02 09:51:20 - INFO - __main__ - Scrapeando establecimiento: https://www.booking.com/hotel/es/puertito-azul-puertito-de-guimar.es.html
2026-08-02 09:51:37 - INFO - __main__ -   Banner de cookies cerrado.
2026-08-02 09:52:08 - ERROR - __main__ - Timeout esperando elementos en https://www.booking.com/hotel/es/puertito-azul-puertito-de-guimar.es.html: Message: 
Stacktrace:
	chromedriver!GetHandleVerifier [0x11d5843+10883]
	chromedriver!GetHandleVerifier [0x11d5884+108c4]
	chromedriver!(No symbol) [0xfd90e0]
	chromedriver!(No symbol) [0x102316b]
	chromedriver!(No symbol) [0x102338b]
	chromedriver!(No symbol) [0x1065942]
	chromedriver!(No symbol) [0x10456b4]
	chromedriver!(No symbol) [0x10631aa]
	chromedriver!(No symbol) [0x1045406]
	chromedriver!(No symbol) [0x1018659]
	chromedriver!(No symbol) [0x1019424]
	chromedriver!GetHandleVerifier [0x146ced6+2a7f16]
	chromedriver!GetHandleVerifier [0x146847b+2a34bb]
	chromedriver!GetHandleVerifier [0x14894eb+2c452b]
	chromedriver!GetHandleVerifier [0x11ef566+2a5a6]
	chromedriver!GetHandleVerifier [0x11f620d+3124d]
	chromedriver!GetHandleVerifier [0x11de318+19358]
	chromedriver!GetHandleVerifier [0x11de4c5+19505]
	chromedriver!GetHandleVerifier [0x11c70af+20ef]
	KERNEL32!BaseThreadInitThunk [0x75bc5d49+19]
	ntdll!RtlInitializeExceptionChain [0x77a3e00b+6b]
	ntdll!RtlGetAppContainerNamedObjectPath [0x77a3df91+231]

2026-08-02 09:52:10 - ERROR - __main__ - Error procesando https://www.booking.com/hotel/es/puertito-azul-puertito-de-guimar.es.html: Message: 
Stacktrace:
	chromedriver!GetHandleVerifier [0x11d5843+10883]
	chromedriver!GetHandleVerifier [0x11d5884+108c4]
	chromedriver!(No symbol) [0xfd90e0]
	chromedriver!(No symbol) [0x102316b]
	chromedriver!(No symbol) [0x102338b]
	chromedriver!(No symbol) [0x1065942]
	chromedriver!(No symbol) [0x10456b4]
	chromedriver!(No symbol) [0x10631aa]
	chromedriver!(No symbol) [0x1045406]
	chromedriver!(No symbol) [0x1018659]
	chromedriver!(No symbol) [0x1019424]
	chromedriver!GetHandleVerifier [0x146ced6+2a7f16]
	chromedriver!GetHandleVerifier [0x146847b+2a34bb]
	chromedriver!GetHandleVerifier [0x14894eb+2c452b]
	chromedriver!GetHandleVerifier [0x11ef566+2a5a6]
	chromedriver!GetHandleVerifier [0x11f620d+3124d]
	chromedriver!GetHandleVerifier [0x11de318+19358]
	chromedriver!GetHandleVerifier [0x11de4c5+19505]
	chromedriver!GetHandleVerifier [0x11c70af+20ef]
	KERNEL32!BaseThreadInitThunk [0x75bc5d49+19]
	ntdll!RtlInitializeExceptionChain [0x77a3e00b+6b]
	ntdll!RtlGetAppContainerNamedObjectPath [0x77a3df91+231]

2026-08-02 09:52:10 - INFO - __main__ - [2/393] Procesando https://www.booking.com/hotel/es/candelaria-sea-music.es.html
2026-08-02 09:52:10 - INFO - __main__ - Scrapeando establecimiento: https://www.booking.com/hotel/es/candelaria-sea-music.es.html
2026-08-02 09:52:23 - INFO - __main__ -   Banner de cookies cerrado.
2026-08-02 09:52:25 - INFO - __main__ -   Reintentando solo con código postal + ciudad: '38530 Candelaria, España'
2026-08-02 09:52:30 - INFO - __main__ -   Banner de cookies cerrado.
2026-08-02 09:53:01 - ERROR - __main__ - Timeout esperando elementos en https://www.booking.com/hotel/es/candelaria-sea-music.es.html: Message: 
Stacktrace:
	chromedriver!GetHandleVerifier [0x11d5843+10883]
	chromedriver!GetHandleVerifier [0x11d5884+108c4]
	chromedriver!(No symbol) [0xfd90e0]
	chromedriver!(No symbol) [0x102316b]
	chromedriver!(No symbol) [0x102338b]
	chromedriver!(No symbol) [0x1065942]
	chromedriver!(No symbol) [0x10456b4]
	chromedriver!(No symbol) [0x10631aa]
	chromedriver!(No symbol) [0x1045406]
	chromedriver!(No symbol) [0x1018659]
	chromedriver!(No symbol) [0x1019424]
	chromedriver!GetHandleVerifier [0x146ced6+2a7f16]
	chromedriver!GetHandleVerifier [0x146847b+2a34bb]
	chromedriver!GetHandleVerifier [0x14894eb+2c452b]
	chromedriver!GetHandleVerifier [0x11ef566+2a5a6]
	chromedriver!GetHandleVerifier [0x11f620d+3124d]
	chromedriver!GetHandleVerifier [0x11de318+19358]
	chromedriver!GetHandleVerifier [0x11de4c5+19505]
	chromedriver!GetHandleVerifier [0x11c70af+20ef]
	KERNEL32!BaseThreadInitThunk [0x75bc5d49+19]
	ntdll!RtlInitializeExceptionChain [0x77a3e00b+6b]
	ntdll!RtlGetAppContainerNamedObjectPath [0x77a3df91+231]

2026-08-02 09:53:04 - ERROR - __main__ - Error procesando https://www.booking.com/hotel/es/candelaria-sea-music.es.html: Message: 
Stacktrace:
	chromedriver!GetHandleVerifier [0x11d5843+10883]
	chromedriver!GetHandleVerifier [0x11d5884+108c4]
	chromedriver!(No symbol) [0xfd90e0]
	chromedriver!(No symbol) [0x102316b]
	chromedriver!(No symbol) [0x102338b]
	chromedriver!(No symbol) [0x1065942]
	chromedriver!(No symbol) [0x10456b4]
	chromedriver!(No symbol) [0x10631aa]
	chromedriver!(No symbol) [0x1045406]
	chromedriver!(No symbol) [0x1018659]
	chromedriver!(No symbol) [0x1019424]
	chromedriver!GetHandleVerifier [0x146ced6+2a7f16]
	chromedriver!GetHandleVerifier [0x146847b+2a34bb]
	chromedriver!GetHandleVerifier [0x14894eb+2c452b]
	chromedriver!GetHandleVerifier [0x11ef566+2a5a6]
	chromedriver!GetHandleVerifier [0x11f620d+3124d]
	chromedriver!GetHandleVerifier [0x11de318+19358]
	chromedriver!GetHandleVerifier [0x11de4c5+19505]
	chromedriver!GetHandleVerifier [0x11c70af+20ef]
	KERNEL32!BaseThreadInitThunk [0x75bc5d49+19]
	ntdll!RtlInitializeExceptionChain [0x77a3e00b+6b]
	ntdll!RtlGetAppContainerNamedObjectPath [0x77a3df91+231]

2026-08-02 09:53:04 - INFO - __main__ - [3/393] Procesando https://www.booking.com/hotel/es/la-era-adeje.es.html
2026-08-02 09:53:04 - INFO - __main__ - Scrapeando establecimiento: https://www.booking.com/hotel/es/la-era-adeje.es.html
2026-08-02 09:53:28 - INFO - __main__ -   Banner de cookies cerrado.
2026-08-02 09:53:59 - ERROR - __main__ - Timeout esperando elementos en https://www.booking.com/hotel/es/la-era-adeje.es.html: Message: 
Stacktrace:
	chromedriver!GetHandleVerifier [0x11d5843+10883]
	chromedriver!GetHandleVerifier [0x11d5884+108c4]
	chromedriver!(No symbol) [0xfd90e0]
	chromedriver!(No symbol) [0x102316b]
	chromedriver!(No symbol) [0x102338b]
	chromedriver!(No symbol) [0x1065942]
	chromedriver!(No symbol) [0x10456b4]
	chromedriver!(No symbol) [0x10631aa]
	chromedriver!(No symbol) [0x1045406]
	chromedriver!(No symbol) [0x1018659]
	chromedriver!(No symbol) [0x1019424]
	chromedriver!GetHandleVerifier [0x146ced6+2a7f16]
	chromedriver!GetHandleVerifier [0x146847b+2a34bb]
	chromedriver!GetHandleVerifier [0x14894eb+2c452b]
	chromedriver!GetHandleVerifier [0x11ef566+2a5a6]
	chromedriver!GetHandleVerifier [0x11f620d+3124d]
	chromedriver!GetHandleVerifier [0x11de318+19358]
	chromedriver!GetHandleVerifier [0x11de4c5+19505]
	chromedriver!GetHandleVerifier [0x11c70af+20ef]
	KERNEL32!BaseThreadInitThunk [0x75bc5d49+19]
	ntdll!RtlInitializeExceptionChain [0x77a3e00b+6b]
	ntdll!RtlGetAppContainerNamedObjectPath [0x77a3df91+231]

2026-08-02 09:54:01 - ERROR - __main__ - Error procesando https://www.booking.com/hotel/es/la-era-adeje.es.html: Message: 
Stacktrace:
	chromedriver!GetHandleVerifier [0x11d5843+10883]
	chromedriver!GetHandleVerifier [0x11d5884+108c4]
	chromedriver!(No symbol) [0xfd90e0]
	chromedriver!(No symbol) [0x102316b]
	chromedriver!(No symbol) [0x102338b]
	chromedriver!(No symbol) [0x1065942]
	chromedriver!(No symbol) [0x10456b4]
	chromedriver!(No symbol) [0x10631aa]
	chromedriver!(No symbol) [0x1045406]
	chromedriver!(No symbol) [0x1018659]
	chromedriver!(No symbol) [0x1019424]
	chromedriver!GetHandleVerifier [0x146ced6+2a7f16]
	chromedriver!GetHandleVerifier [0x146847b+2a34bb]
	chromedriver!GetHandleVerifier [0x14894eb+2c452b]
	chromedriver!GetHandleVerifier [0x11ef566+2a5a6]
	chromedriver!GetHandleVerifier [0x11f620d+3124d]
	chromedriver!GetHandleVerifier [0x11de318+19358]
	chromedriver!GetHandleVerifier [0x11de4c5+19505]
	chromedriver!GetHandleVerifier [0x11c70af+20ef]
	KERNEL32!BaseThreadInitThunk [0x75bc5d49+19]
	ntdll!RtlInitializeExceptionChain [0x77a3e00b+6b]
	ntdll!RtlGetAppContainerNamedObjectPath [0x77a3df91+231]

2026-08-02 09:54:01 - INFO - __main__ - [4/393] Procesando https://www.booking.com/hotel/es/tranquil-studio-apartment-communal-heated-pool-los-cristianos.es.html
2026-08-02 09:54:01 - INFO - __main__ - Scrapeando establecimiento: https://www.booking.com/hotel/es/tranquil-studio-apartment-communal-heated-pool-los-cristianos.es.html
2026-08-02 09:54:18 - INFO - __main__ -   Banner de cookies cerrado.
2026-08-02 09:54:28 - INFO - __main__ -   Banner de cookies cerrado.
2026-08-02 09:54:59 - ERROR - __main__ - Timeout esperando elementos en https://www.booking.com/hotel/es/tranquil-studio-apartment-communal-heated-pool-los-cristianos.es.html: Message: 
Stacktrace:
	chromedriver!GetHandleVerifier [0x11d5843+10883]
	chromedriver!GetHandleVerifier [0x11d5884+108c4]
	chromedriver!(No symbol) [0xfd90e0]
	chromedriver!(No symbol) [0x102316b]
	chromedriver!(No symbol) [0x102338b]
	chromedriver!(No symbol) [0x1065942]
	chromedriver!(No symbol) [0x10456b4]
	chromedriver!(No symbol) [0x10631aa]
	chromedriver!(No symbol) [0x1045406]
	chromedriver!(No symbol) [0x1018659]
	chromedriver!(No symbol) [0x1019424]
	chromedriver!GetHandleVerifier [0x146ced6+2a7f16]
	chromedriver!GetHandleVerifier [0x146847b+2a34bb]
	chromedriver!GetHandleVerifier [0x14894eb+2c452b]
	chromedriver!GetHandleVerifier [0x11ef566+2a5a6]
	chromedriver!GetHandleVerifier [0x11f620d+3124d]
	chromedriver!GetHandleVerifier [0x11de318+19358]
	chromedriver!GetHandleVerifier [0x11de4c5+19505]
	chromedriver!GetHandleVerifier [0x11c70af+20ef]
	KERNEL32!BaseThreadInitThunk [0x75bc5d49+19]
	ntdll!RtlInitializeExceptionChain [0x77a3e00b+6b]
	ntdll!RtlGetAppContainerNamedObjectPath [0x77a3df91+231]

2026-08-02 09:55:09 - ERROR - __main__ - Error procesando https://www.booking.com/hotel/es/tranquil-studio-apartment-communal-heated-pool-los-cristianos.es.html: Message: 
Stacktrace:
	chromedriver!GetHandleVerifier [0x11d5843+10883]
	chromedriver!GetHandleVerifier [0x11d5884+108c4]
	chromedriver!(No symbol) [0xfd90e0]
	chromedriver!(No symbol) [0x102316b]
	chromedriver!(No symbol) [0x102338b]
	chromedriver!(No symbol) [0x1065942]
	chromedriver!(No symbol) [0x10456b4]
	chromedriver!(No symbol) [0x10631aa]
	chromedriver!(No symbol) [0x1045406]
	chromedriver!(No symbol) [0x1018659]
	chromedriver!(No symbol) [0x1019424]
	chromedriver!GetHandleVerifier [0x146ced6+2a7f16]
	chromedriver!GetHandleVerifier [0x146847b+2a34bb]
	chromedriver!GetHandleVerifier [0x14894eb+2c452b]
	chromedriver!GetHandleVerifier [0x11ef566+2a5a6]
	chromedriver!GetHandleVerifier [0x11f620d+3124d]
	chromedriver!GetHandleVerifier [0x11de318+19358]
	chromedriver!GetHandleVerifier [0x11de4c5+19505]
	chromedriver!GetHandleVerifier [0x11c70af+20ef]
	KERNEL32!BaseThreadInitThunk [0x75bc5d49+19]
	ntdll!RtlInitializeExceptionChain [0x77a3e00b+6b]
	ntdll!RtlGetAppContainerNamedObjectPath [0x77a3df91+231]

2026-08-02 09:55:09 - INFO - __main__ - [5/393] Procesando https://www.booking.com/hotel/es/el-dorado-nueva-andalucia-pool-terrace.es.html
2026-08-02 09:55:09 - INFO - __main__ - Scrapeando establecimiento: https://www.booking.com/hotel/es/el-dorado-nueva-andalucia-pool-terrace.es.html
2026-08-02 09:55:28 - INFO - __main__ -   Banner de cookies cerrado.
2026-08-02 09:55:32 - WARNING - __main__ -   Descartado (no es Tenerife): 'El Dorado Nueva Andalucia Pool Terrace' (https://www.booking.com/hotel/es/el-dorado-nueva-andalucia-pool-terrace.es.html) no está en Tenerife según el breadcrumb — descartado.
2026-08-02 09:55:35 - INFO - __main__ - [6/393] Procesando https://www.booking.com/hotel/es/evans-realty-ch-casa-rural-piscina-vistas-top.es.html
2026-08-02 09:55:35 - INFO - __main__ - Scrapeando establecimiento: https://www.booking.com/hotel/es/evans-realty-ch-casa-rural-piscina-vistas-top.es.html
2026-08-02 09:55:56 - INFO - __main__ -   Banner de cookies cerrado.
2026-08-02 09:55:59 - WARNING - __main__ -   Descartado (no es Tenerife): 'Evans Realty CH Casa Rural Piscina Vistas top' (https://www.booking.com/hotel/es/evans-realty-ch-casa-rural-piscina-vistas-top.es.html) no está en Tenerife según el breadcrumb — descartado.
2026-08-02 09:56:07 - INFO - __main__ - [7/393] Procesando https://www.booking.com/hotel/es/evans-realty-ci-piscina-climatizada-bbq-juegos.es.html
2026-08-02 09:56:07 - INFO - __main__ - Scrapeando establecimiento: https://www.booking.com/hotel/es/evans-realty-ci-piscina-climatizada-bbq-juegos.es.html
2026-08-02 09:56:24 - INFO - __main__ -   Banner de cookies cerrado.
2026-08-02 09:56:27 - WARNING - __main__ -   Descartado (no es Tenerife): 'Evans Realty CI Piscina climatizada BBQ Juegos' (https://www.booking.com/hotel/es/evans-realty-ci-piscina-climatizada-bbq-juegos.es.html) no está en Tenerife según el breadcrumb — descartado.
2026-08-02 09:56:32 - INFO - __main__ - [8/393] Procesando https://www.booking.com/hotel/es/hdfm-collection-oasis-costa-adeje.es.html
2026-08-02 09:56:32 - INFO - __main__ - Scrapeando establecimiento: https://www.booking.com/hotel/es/hdfm-collection-oasis-costa-adeje.es.html
2026-08-02 09:56:48 - INFO - __main__ -   Banner de cookies cerrado.
2026-08-02 09:56:55 - INFO - __main__ -   Banner de cookies cerrado.
2026-08-02 09:57:03 - INFO - __main__ -   Página 1: 4 reseñas (4 acumuladas)
2026-08-02 09:57:03 - INFO - __main__ -   No hay más páginas de reseñas.
2026-08-02 09:57:10 - INFO - __main__ - Guardado completo: 1 establecimientos, 4 reseñas.
2026-08-02 09:57:18 - INFO - __main__ - [9/393] Procesando https://www.booking.com/hotel/es/residencial-el-cano.es.html
2026-08-02 09:57:18 - INFO - __main__ - Scrapeando establecimiento: https://www.booking.com/hotel/es/residencial-el-cano.es.html
2026-08-02 10:24:08 - INFO - booking_scraper - Resolviendo ChromeDriver (una sola vez para toda la corrida)...
